Workbook

Sheet 1
A1: Pack | B1: Flavour | C1: MRP | D1: Stock PC | E1: Recived pc | F1: Recived invoice | G1: Total PC | H1: Invoce cost | I1: Amount | J1: sale price | K1: Amount | L1: SALE Pc | M1: SALE Amount
A2: 150 ml Tetra | B2: Mazza | C2: 9 | D2: 167 | F2: =E2*H2 -> 0 | G2: =D2+E2 -> 167 | H2: 308.13 | I2: =H2*D2 -> 51457.71 | J2: 326 | K2: =J2*D2 -> 54442 | L2: =G2-'2'!D2 -> 0 | M2: =L2*J2 -> 0
A3: 150 ml Tetra | B3: MM Apple | C3: 9 | D3: 1 | E3: 70 | F3: =E3*H3 -> 21573.3 | G3: =D3+E3 -> 71 | H3: 308.19 | I3: =H3*D3 -> 308.19 | J3: 326 | K3: =J3*D3 -> 326 | L3: =G3-'2'!D3 -> 0 | M3: =L3*J3 -> 0
A4: 150 ml Tetra | B4: MM LMN Fresh | C4: 9 | F4: =E4*H4 -> 0 | G4: =D4+E4 -> 0 | H4: 308.19 | I4: =H4*D4 -> 0 | J4: 326 | K4: =J4*D4 -> 0 | L4: =G4-'2'!D4 -> 0 | M4: =L4*J4 -> 0
A5: 200 ml RGB | B5: Thums up | C5: 10 | D5: 99 | F5: =E5*H5 -> 0 | G5: =D5+E5 -> 99 | H5: 174.77 | I5: =H5*D5 -> 17302.23 | J5: 192 | K5: =J5*D5 -> 19008 | L5: =G5-'2'!D5 -> 0 | M5: =L5*J5 -> 0
A6: 200 ml RGB | B6: Sprite | C6: 10 | D6: 151 | F6: =E6*H6 -> 0 | G6: =D6+E6 -> 151 | H6: 174.77 | I6: =H6*D6 -> 26390.27 | J6: 192 | K6: =J6*D6 -> 28992 | L6: =G6-'2'!D6 -> 0 | M6: =L6*J6 -> 0
A7: 200 ml RGB | B7: Limca | C7: 10 | D7: 64 | F7: =E7*H7 -> 0 | G7: =D7+E7 -> 64 | H7: 174.77 | I7: =H7*D7 -> 11185.28 | J7: 192 | K7: =J7*D7 -> 12288 | L7: =G7-'2'!D7 -> 0 | M7: =L7*J7 -> 0
A8: 200 ml RGB | B8: Fanta | C8: 10 | D8: 34 | F8: =E8*H8 -> 0 | G8: =D8+E8 -> 34 | H8: 174.77 | I8: =H8*D8 -> 5942.18 | J8: 192 | K8: =J8*D8 -> 6528 | L8: =G8-'2'!D8 -> 0 | M8: =L8*J8 -> 0
A9: 200 ml RGB | B9: Coke | C9: 10 | D9: 216 | F9: =E9*H9 -> 0 | G9: =D9+E9 -> 216 | H9: 174.77 | I9: =H9*D9 -> 37750.32 | J9: 192 | K9: =J9*D9 -> 41472 | L9: =G9-'2'!D9 -> 0 | M9: =L9*J9 -> 0
A10: 200 ml RGB | B10: Mazza | C10: 14 | F10: =E10*H10 -> 0 | G10: =D10+E10 -> 0 | H10: 259.54 | I10: =H10*D10 -> 0 | J10: 282 | K10: =J10*D10 -> 0 | L10: =G10-'2'!D10 -> 0 | M10: =L10*J10 -> 0
A11: 250 ml PET | B11: Thums up Charge | C11: 20 | D11: 5 | E11: 39 | F11: =E11*H11 -> 18361.2 | G11: =D11+E11 -> 44 | H11: 470.8 | I11: =H11*D11 -> 2354 | J11: 505 | K11: =J11*D11 -> 2525 | L11: =G11-'2'!D11 -> 1 | M11: =L11*J11 -> 505
A12: 250 ml PET | B12: Thums up | C12: 20 | D12: 94 | E12: 390 | F12: =E12*H12 -> 185550.3 | G12: =D12+E12 -> 484 | H12: 475.77 | I12: =H12*D12 -> 44722.38 | J12: 505 | K12: =J12*D12 -> 47470 | L12: =G12-'2'!D12 -> 0 | M12: =L12*J12 -> 0
A13: 250 ml PET | B13: Sprite | C13: 20 | D13: 138 | E13: 260 | F13: =E13*H13 -> 123700.2 | G13: =D13+E13 -> 398 | H13: 475.77 | I13: =H13*D13 -> 65656.26 | J13: 505 | K13: =J13*D13 -> 69690 | L13: =G13-'2'!D13 -> 0 | M13: =L13*J13 -> 0
A14: 250 ml PET | B14: Limca | C14: 20 | D14: 5 | E14: 65 | F14: =E14*H14 -> 30602 | G14: =D14+E14 -> 70 | H14: 470.8 | I14: =H14*D14 -> 2354 | J14: 505 | K14: =J14*D14 -> 2525 | L14: =G14-'2'!D14 -> 0 | M14: =L14*J14 -> 0
A15: 250 ml PET | B15: Fanta | C15: 20 | E15: 65 | F15: =E15*H15 -> 30602 | G15: =D15+E15 -> 65 | H15: 470.8 | I15: =H15*D15 -> 0 | J15: 505 | K15: =J15*D15 -> 0 | L15: =G15-'2'!D15 -> 0 | M15: =L15*J15 -> 0
A16: 250 ml PET | B16: Coke | C16: 20 | D16: 2 | F16: =E16*H16 -> 0 | G16: =D16+E16 -> 2 | H16: 470.8 | I16: =H16*D16 -> 941.6 | J16: 505 | K16: =J16*D16 -> 1010 | L16: =G16-'2'!D16 -> 0 | M16: =L16*J16 -> 0
A17: 250 ml PET | B17: Kinley Soda | C17: 11 | D17: 102 | F17: =E17*H17 -> 0 | G17: =D17+E17 -> 102 | H17: 235.59 | I17: =H17*D17 -> 24030.18 | J17: 250 | K17: =J17*D17 -> 25500 | L17: =G17-'2'!D17 -> 0 | M17: =L17*J17 -> 0
A18: 250 ml PET | B18: RimZim Fiz | C18: 20 | F18: =E18*H18 -> 0 | G18: =D18+E18 -> 0 | H18: 470.8 | I18: =H18*D18 -> 0 | J18: 500 | K18: =J18*D18 -> 0 | L18: =G18-'2'!D18 -> 0 | M18: =L18*J18 -> 0
A19: 250 ml PET | B19: Zero Thums up | C19: 10 | F19: =E19*H19 -> 0 | G19: =D19+E19 -> 0 | H19: 204 | I19: =H19*D19 -> 0 | J19: 230 | K19: =J19*D19 -> 0 | L19: =G19-'2'!D19 -> 0 | M19: =L19*J19 -> 0
A20: 250 ml PET | B20: Zero Sprite | C20: 10 | F20: =E20*H20 -> 0 | G20: =D20+E20 -> 0 | H20: 204 | I20: =H20*D20 -> 0 | J20: 230 | K20: =J20*D20 -> 0 | L20: =G20-'2'!D20 -> 0 | M20: =L20*J20 -> 0
A21: 250 ml PET | B21: Zero Coke | C21: 10 | D21: 32 | F21: =E21*H21 -> 0 | G21: =D21+E21 -> 32 | H21: 204 | I21: =H21*D21 -> 6528 | J21: 230 | K21: =J21*D21 -> 7360 | L21: =G21-'2'!D21 -> 0 | M21: =L21*J21 -> 0
A22: 250 ml PET | B22: Mazza | C22: 19 | D22: 7 | E22: 108 | F22: =E22*H22 -> 51241.68 | G22: =D22+E22 -> 115 | H22: 474.46 | I22: =H22*D22 -> 3321.22 | J22: 505 | K22: =J22*D22 -> 3535 | L22: =G22-'2'!D22 -> 0 | M22: =L22*J22 -> 0
A23: 250 ml PET | B23: MM Pulpy orange | C23: 24 | D23: 103 | F23: =E23*H23 -> 0 | G23: =D23+E23 -> 103 | H23: 593.92 | I23: =H23*D23 -> 61173.76 | J23: 630 | K23: =J23*D23 -> 64890 | L23: =G23-'2'!D23 -> 0 | M23: =L23*J23 -> 0
A24: 300 ml RGB | B24: Thums up | C24: 25 | D24: 9 | F24: =E24*H24 -> 0 | G24: =D24+E24 -> 9 | H24: 453.3 | I24: =H24*D24 -> 4079.7 | J24: 493 | K24: =J24*D24 -> 4437 | L24: =G24-'2'!D24 -> 0 | M24: =L24*J24 -> 0
A25: 300 ml RGB | B25: Sprite | C25: 25 | F25: =E25*H25 -> 0 | G25: =D25+E25 -> 0 | H25: 453.3 | I25: =H25*D25 -> 0 | J25: 493 | K25: =J25*D25 -> 0 | L25: =G25-'2'!D25 -> 0 | M25: =L25*J25 -> 0
A26: 300 ml RGB | B26: Fanta | C26: 25 | F26: =E26*H26 -> 0 | G26: =D26+E26 -> 0 | H26: 453.3 | I26: =H26*D26 -> 0 | J26: 493 | K26: =J26*D26 -> 0 | L26: =G26-'2'!D26 -> 0 | M26: =L26*J26 -> 0
A27: 300 ml RGB | B27: Coke | C27: 25 | F27: =E27*H27 -> 0 | G27: =D27+E27 -> 0 | H27: 453.3 | I27: =H27*D27 -> 0 | J27: 493 | K27: =J27*D27 -> 0 | L27: =G27-'2'!D27 -> 0 | M27: =L27*J27 -> 0
A28: 300 ml CAN | B28: Thums up | C28: 40 | F28: =E28*H28 -> 0 | G28: =D28+E28 -> 0 | H28: 821.36 | I28: =H28*D28 -> 0 | J28: 878 | K28: =J28*D28 -> 0 | L28: =G28-'2'!D28 -> 0 | M28: =L28*J28 -> 0
A29: 300 ml CAN | B29: Sprite | C29: 40 | F29: =E29*H29 -> 0 | G29: =D29+E29 -> 0 | H29: 821.36 | I29: =H29*D29 -> 0 | J29: 878 | K29: =J29*D29 -> 0 | L29: =G29-'2'!D29 -> 0 | M29: =L29*J29 -> 0
A30: 300 ml CAN | B30: Limca | C30: 40 | F30: =E30*H30 -> 0 | G30: =D30+E30 -> 0 | H30: 817.58 | I30: =H30*D30 -> 0 | J30: 878 | K30: =J30*D30 -> 0 | L30: =G30-'2'!D30 -> 0 | M30: =L30*J30 -> 0
A31: 300 ml CAN | B31: Fanta | C31: 40 | F31: =E31*H31 -> 0 | G31: =D31+E31 -> 0 | H31: 817.58 | I31: =H31*D31 -> 0 | J31: 878 | K31: =J31*D31 -> 0 | L31: =G31-'2'!D31 -> 0 | M31: =L31*J31 -> 0
A32: 300 ml CAN | B32: Coke | C32: 40 | F32: =E32*H32 -> 0 | G32: =D32+E32 -> 0 | H32: 817.58 | I32: =H32*D32 -> 0 | J32: 878 | K32: =J32*D32 -> 0 | L32: =G32-'2'!D32 -> 0 | M32: =L32*J32 -> 0
A33: 300 ml CAN | B33: D'Coke | C33: 40 | F33: =E33*H33 -> 0 | G33: =D33+E33 -> 0 | H33: 817.58 | I33: =H33*D33 -> 0 | J33: 878 | K33: =J33*D33 -> 0 | L33: =G33-'2'!D33 -> 0 | M33: =L33*J33 -> 0
A34: 300 ml CAN | B34: Predator | C34: 60 | D34: 1 | F34: =E34*H34 -> 0 | G34: =D34+E34 -> 1 | H34: 1042.65 | I34: =H34*D34 -> 1042.65 | J34: 1110 | K34: =J34*D34 -> 1110 | L34: =G34-'2'!D34 -> 0 | M34: =L34*J34 -> 0
A35: 300 ml | B35: Kinley Water | C35: 7 | D35: 16 | F35: =E35*H35 -> 0 | G35: =D35+E35 -> 16 | H35: 126.24 | I35: =H35*D35 -> 2019.84 | J35: 140 | K35: =J35*D35 -> 2240 | L35: =G35-'2'!D35 -> 0 | M35: =L35*J35 -> 0
A36: 350 ml CAN | B36: Monster | C36: 125 | D36: 3 | F36: =E36*H36 -> 0 | G36: =D36+E36 -> 3 | H36: 2050.54 | I36: =H36*D36 -> 6151.62 | J36: 2175 | K36: =J36*D36 -> 6525 | L36: =G36-'2'!D36 -> 0 | M36: =L36*J36 -> 0
A37: 400 ml csd | B37: Thums up | C37: 20 | D37: 3 | F37: =E37*H37 -> 0 | G37: =D37+E37 -> 3 | H37: 399.19 | I37: =H37*D37 -> 1197.57 | J37: 420 | K37: =J37*D37 -> 1260 | L37: =G37-'2'!D37 -> 0 | M37: =L37*J37 -> 0
A38: 400 ml csd | B38: Sprite | C38: 20 | F38: =E38*H38 -> 0 | G38: =D38+E38 -> 0 | H38: 399.19 | I38: =H38*D38 -> 0 | J38: 420 | K38: =J38*D38 -> 0 | L38: =G38-'2'!D38 -> 0 | M38: =L38*J38 -> 0
A39: 400 ml csd | B39: Coke | C39: 20 | F39: =E39*H39 -> 0 | G39: =D39+E39 -> 0 | H39: 399.19 | I39: =H39*D39 -> 0 | J39: 420 | K39: =J39*D39 -> 0 | L39: =G39-'2'!D39 -> 0 | M39: =L39*J39 -> 0
A40: 500 ml | B40: Kinley Water | C40: 9 | D40: 1 | F40: =E40*H40 -> 0 | G40: =D40+E40 -> 1 | H40: 174.19 | I40: =H40*D40 -> 174.19 | J40: 185 | K40: =J40*D40 -> 185 | L40: =G40-'2'!D40 -> 0 | M40: =L40*J40 -> 0
A41: 600 ml PET | B41: Mazza | C41: 35 | D41: 1 | E41: 36 | F41: =E41*H41 -> 26932.68 | G41: =D41+E41 -> 37 | H41: 748.13 | I41: =H41*D41 -> 748.13 | J41: 795 | K41: =J41*D41 -> 795 | L41: =G41-'2'!D41 -> 0 | M41: =L41*J41 -> 0
A42: 740 ml | B42: Thums up | C42: 40 | E42: 36 | F42: =E42*H42 -> 30342.96 | G42: =D42+E42 -> 36 | H42: 842.86 | I42: =H42*D42 -> 0 | J42: 900 | K42: =J42*D42 -> 0 | L42: =G42-'2'!D42 -> 0 | M42: =L42*J42 -> 0
A43: 740 ml | B43: Sprite | C43: 40 | D43: 5 | E43: 36 | F43: =E43*H43 -> 30342.96 | G43: =D43+E43 -> 41 | H43: 842.86 | I43: =H43*D43 -> 4214.3 | J43: 900 | K43: =J43*D43 -> 4500 | L43: =G43-'2'!D43 -> 0 | M43: =L43*J43 -> 0
A44: 740 ml | B44: Limca | C44: 40 | F44: =E44*H44 -> 0 | G44: =D44+E44 -> 0 | H44: 839.68 | I44: =H44*D44 -> 0 | J44: 900 | K44: =J44*D44 -> 0 | L44: =G44-'2'!D44 -> 0 | M44: =L44*J44 -> 0
A45: 740 ml | B45: Fanta | C45: 40 | F45: =E45*H45 -> 0 | G45: =D45+E45 -> 0 | H45: 839.68 | I45: =H45*D45 -> 0 | J45: 900 | K45: =J45*D45 -> 0 | L45: =G45-'2'!D45 -> 0 | M45: =L45*J45 -> 0
A46: 740 ml | B46: Coke | C46: 40 | F46: =E46*H46 -> 0 | G46: =D46+E46 -> 0 | H46: 839.68 | I46: =H46*D46 -> 0 | J46: 900 | K46: =J46*D46 -> 0 | L46: =G46-'2'!D46 -> 0 | M46: =L46*J46 -> 0
A47: 750 ml | B47: Kinley Soda | C47: 18 | E47: 54 | F47: =E47*H47 -> 20286.72 | G47: =D47+E47 -> 54 | H47: 375.68 | I47: =H47*D47 -> 0 | J47: 400 | K47: =J47*D47 -> 0 | L47: =G47-'2'!D47 -> 0 | M47: =L47*J47 -> 0
A48: 850 ml | B48: MM Pulpy orange | C48: 50 | E48: 78 | F48: =E48*H48 -> 52284.96 | G48: =D48+E48 -> 78 | H48: 670.32 | I48: =H48*D48 -> 0 | J48: 710 | K48: =J48*D48 -> 0 | L48: =G48-'2'!D48 -> 0 | M48: =L48*J48 -> 0
A49: 1 ltr PET | B49: Thums up | C49: 50 | E49: 55 | F49: =E49*H49 -> 36367.1 | G49: =D49+E49 -> 55 | H49: 661.22 | I49: =H49*D49 -> 0 | J49: 710 | K49: =J49*D49 -> 0 | L49: =G49-'2'!D49 -> 0 | M49: =L49*J49 -> 0
A50: 1 ltr PET | B50: Sprite | C50: 50 | D50: 10 | E50: 22 | F50: =E50*H50 -> 14546.84 | G50: =D50+E50 -> 32 | H50: 661.22 | I50: =H50*D50 -> 6612.2 | J50: 710 | K50: =J50*D50 -> 7100 | L50: =G50-'2'!D50 -> 0 | M50: =L50*J50 -> 0
A51: 1 ltr PET | B51: Limca | C51: 50 | F51: =E51*H51 -> 0 | G51: =D51+E51 -> 0 | H51: 661.22 | I51: =H51*D51 -> 0 | J51: 710 | K51: =J51*D51 -> 0 | L51: =G51-'2'!D51 -> 0 | M51: =L51*J51 -> 0
A52: 1 ltr PET | B52: Fanta | C52: 50 | F52: =E52*H52 -> 0 | G52: =D52+E52 -> 0 | H52: 661.22 | I52: =H52*D52 -> 0 | J52: 710 | K52: =J52*D52 -> 0 | L52: =G52-'2'!D52 -> 0 | M52: =L52*J52 -> 0
A53: 1 ltr PET | B53: Coke | C53: 50 | F53: =E53*H53 -> 0 | G53: =D53+E53 -> 0 | H53: 661.22 | I53: =H53*D53 -> 0 | J53: 710 | K53: =J53*D53 -> 0 | L53: =G53-'2'!D53 -> 0 | M53: =L53*J53 -> 0
A54: 1 ltr PET | B54: MM Pulpy orange | C54: 85 | D54: 6 | F54: =E54*H54 -> 0 | G54: =D54+E54 -> 6 | H54: 797.07 | I54: =H54*D54 -> 4782.42 | J54: 845 | K54: =J54*D54 -> 5070 | L54: =G54-'2'!D54 -> 0 | M54: =L54*J54 -> 0
A55: 1 ltr | B55: Kinley Water | C55: 18 | D55: 238 | F55: =E55*H55 -> 0 | G55: =D55+E55 -> 238 | H55: 160.77 | I55: =H55*D55 -> 38263.26 | J55: 175 | K55: =J55*D55 -> 41650 | L55: =G55-'2'!D55 -> 0 | M55: =L55*J55 -> 0
A56: 1.2 ltr | B56: Mazza | C56: 70 | E56: 22 | F56: =E56*H56 -> 16389.78 | G56: =D56+E56 -> 22 | H56: 744.99 | I56: =H56*D56 -> 0 | J56: 790 | K56: =J56*D56 -> 0 | L56: =G56-'2'!D56 -> 0 | M56: =L56*J56 -> 0
A57: 1.25 Ltr PET | B57: Kinley Soda | C57: 30 | F57: =E57*H57 -> 0 | G57: =D57+E57 -> 0 | H57: 316.15 | I57: =H57*D57 -> 0 | J57: 336 | K57: =J57*D57 -> 0 | L57: =G57-'2'!D57 -> 0 | M57: =L57*J57 -> 0
A58: 1.75 ltr | B58: Mazza | C58: 95 | D58: 1 | E58: 20 | F58: =E58*H58 -> 20858 | G58: =D58+E58 -> 21 | H58: 1042.9 | I58: =H58*D58 -> 1042.9 | J58: 1105 | K58: =J58*D58 -> 1105 | L58: =G58-'2'!D58 -> 0 | M58: =L58*J58 -> 0
A59: 2 ltr | B59: Kinley Water | C59: 28 | D59: 1 | F59: =E59*H59 -> 0 | G59: =D59+E59 -> 1 | H59: 165.06 | I59: =H59*D59 -> 165.06 | J59: 180 | K59: =J59*D59 -> 180 | L59: =G59-'2'!D59 -> 0 | M59: =L59*J59 -> 0
A60: 1.5 ltr PET | B60: Thums up | C60: 70 | F60: =E60*H60 -> 0 | G60: =D60+E60 -> 0 | H60: 721.25 | I60: =H60*D60 -> 0 | J60: 771 | K60: =J60*D60 -> 0 | L60: =G60-'2'!D60 -> 0 | M60: =L60*J60 -> 0
A61: 1.5 ltr PET | B61: Sprite | C61: 70 | F61: =E61*H61 -> 0 | G61: =D61+E61 -> 0 | H61: 721.25 | I61: =H61*D61 -> 0 | J61: 771 | K61: =J61*D61 -> 0 | L61: =G61-'2'!D61 -> 0 | M61: =L61*J61 -> 0
A62: 2.25 Ltr PET | B62: Thums up | C62: 100 | F62: =E62*H62 -> 0 | G62: =D62+E62 -> 0 | H62: 790.89 | I62: =H62*D62 -> 0 | J62: 845 | K62: =J62*D62 -> 0 | L62: =G62-'2'!D62 -> 0 | M62: =L62*J62 -> 0
A63: 2.25 Ltr PET | B63: Sprite | C63: 100 | F63: =E63*H63 -> 0 | G63: =D63+E63 -> 0 | H63: 790.89 | I63: =H63*D63 -> 0 | J63: 845 | K63: =J63*D63 -> 0 | L63: =G63-'2'!D63 -> 0 | M63: =L63*J63 -> 0
A64: 2.25 Ltr PET | B64: Limca | C64: 100 | F64: =E64*H64 -> 0 | G64: =D64+E64 -> 0 | H64: 790.89 | I64: =H64*D64 -> 0 | J64: 845 | K64: =J64*D64 -> 0 | L64: =G64-'2'!D64 -> 0 | M64: =L64*J64 -> 0
A65: 2.25 Ltr PET | B65: Fanta | C65: 100 | F65: =E65*H65 -> 0 | G65: =D65+E65 -> 0 | H65: 790.89 | I65: =H65*D65 -> 0 | J65: 845 | K65: =J65*D65 -> 0 | L65: =G65-'2'!D65 -> 0 | M65: =L65*J65 -> 0
A66: 2.25 Ltr PET | B66: Coke | C66: 100 | F66: =E66*H66 -> 0 | G66: =D66+E66 -> 0 | H66: 790.89 | I66: =H66*D66 -> 0 | J66: 845 | K66: =J66*D66 -> 0 | L66: =G66-'2'!D66 -> 0 | M66: =L66*J66 -> 0
A67: Total Cases & Amount | D67: =SUM(D2:D66) -> 1515 | E67: =SUM(E2:E66) -> 1356 | F67: =SUM(F2:F66) -> 709982.68 | G67: =SUM(G2:G66) -> 2871 | I67: =SUM(I2:I66) -> 431911.42 | J67: =SUM(J2:J66) -> 39088 | K67: =SUM(K2:K66) -> 463718 | L67: =SUM(L2:L66) -> 1 | M67: =SUM(M2:M66) -> 505

Sheet 2
A1: Pack | B1: Flavour | C1: MRP | D1: Stock PC | E1: Recived pc | F1: Recived invoice | G1: Total PC | H1: Invoce cost | I1: Amount | J1: sale price | K1: Amount | L1: SALE Pc | M1: SALE Amount
A2: 150 ml Tetra | B2: Mazza | C2: 9 | D2: 167 | E2: =42+336 -> 378 | F2: =E2*H2 -> 116473.14 | G2: =D2+E2 -> 545 | H2: 308.13 | I2: =H2*D2 -> 51457.71 | J2: 326 | K2: =J2*D2 -> 54442 | L2: =G2-'3'!D2 -> 38 | M2: =L2*J2 -> 12388
A3: 150 ml Tetra | B3: MM Apple | C3: 9 | D3: 71 | F3: =E3*H3 -> 0 | G3: =D3+E3 -> 71 | H3: 308.19 | I3: =H3*D3 -> 21881.49 | J3: 326 | K3: =J3*D3 -> 23146 | L3: =G3-'3'!D3 -> 3 | M3: =L3*J3 -> 978
A4: 150 ml Tetra | B4: MM LMN Fresh | C4: 9 | F4: =E4*H4 -> 0 | G4: =D4+E4 -> 0 | H4: 308.19 | I4: =H4*D4 -> 0 | J4: 326 | K4: =J4*D4 -> 0 | L4: =G4-'3'!D4 -> 0 | M4: =L4*J4 -> 0
A5: 200 ml RGB | B5: Thums up | C5: 10 | D5: 99 | E5: 144 | F5: =E5*H5 -> 25166.88 | G5: =D5+E5 -> 243 | H5: 174.77 | I5: =H5*D5 -> 17302.23 | J5: 192 | K5: =J5*D5 -> 19008 | L5: =G5-'3'!D5 -> 19 | M5: =L5*J5 -> 3648
A6: 200 ml RGB | B6: Sprite | C6: 10 | D6: 151 | E6: 72 | F6: =E6*H6 -> 12583.44 | G6: =D6+E6 -> 223 | H6: 174.77 | I6: =H6*D6 -> 26390.27 | J6: 192 | K6: =J6*D6 -> 28992 | L6: =G6-'3'!D6 -> 6 | M6: =L6*J6 -> 1152
A7: 200 ml RGB | B7: Limca | C7: 10 | D7: 64 | F7: =E7*H7 -> 0 | G7: =D7+E7 -> 64 | H7: 174.77 | I7: =H7*D7 -> 11185.28 | J7: 192 | K7: =J7*D7 -> 12288 | L7: =G7-'3'!D7 -> 4 | M7: =L7*J7 -> 768
A8: 200 ml RGB | B8: Fanta | C8: 10 | D8: 34 | E8: 72 | F8: =E8*H8 -> 12583.44 | G8: =D8+E8 -> 106 | H8: 174.77 | I8: =H8*D8 -> 5942.18 | J8: 192 | K8: =J8*D8 -> 6528 | L8: =G8-'3'!D8 -> 7 | M8: =L8*J8 -> 1344
A9: 200 ml RGB | B9: Coke | C9: 10 | D9: 216 | F9: =E9*H9 -> 0 | G9: =D9+E9 -> 216 | H9: 174.77 | I9: =H9*D9 -> 37750.32 | J9: 192 | K9: =J9*D9 -> 41472 | L9: =G9-'3'!D9 -> 4 | M9: =L9*J9 -> 768
A10: 200 ml RGB | B10: Mazza | C10: 14 | F10: =E10*H10 -> 0 | G10: =D10+E10 -> 0 | H10: 259.54 | I10: =H10*D10 -> 0 | J10: 282 | K10: =J10*D10 -> 0 | L10: =G10-'3'!D10 -> 0 | M10: =L10*J10 -> 0
A11: 250 ml PET | B11: Thums up Charge | C11: 20 | D11: 43 | F11: =E11*H11 -> 0 | G11: =D11+E11 -> 43 | H11: 470.8 | I11: =H11*D11 -> 20244.4 | J11: 505 | K11: =J11*D11 -> 21715 | L11: =G11-'3'!D11 -> 2 | M11: =L11*J11 -> 1010
A12: 250 ml PET | B12: Thums up | C12: 20 | D12: 484 | E12: 162 | F12: =E12*H12 -> 77074.74 | G12: =D12+E12 -> 646 | H12: 475.77 | I12: =H12*D12 -> 230272.68 | J12: 505 | K12: =J12*D12 -> 244420 | L12: =G12-'3'!D12 -> 93 | M12: =L12*J12 -> 46965
A13: 250 ml PET | B13: Sprite | C13: 20 | D13: 398 | F13: =E13*H13 -> 0 | G13: =D13+E13 -> 398 | H13: 475.77 | I13: =H13*D13 -> 189356.46 | J13: 505 | K13: =J13*D13 -> 200990 | L13: =G13-'3'!D13 -> 47 | M13: =L13*J13 -> 23735
A14: 250 ml PET | B14: Limca | C14: 20 | D14: 70 | F14: =E14*H14 -> 0 | G14: =D14+E14 -> 70 | H14: 470.8 | I14: =H14*D14 -> 32956 | J14: 505 | K14: =J14*D14 -> 35350 | L14: =G14-'3'!D14 -> 7 | M14: =L14*J14 -> 3535
A15: 250 ml PET | B15: Fanta | C15: 20 | D15: 65 | F15: =E15*H15 -> 0 | G15: =D15+E15 -> 65 | H15: 470.8 | I15: =H15*D15 -> 30602 | J15: 505 | K15: =J15*D15 -> 32825 | L15: =G15-'3'!D15 -> 7 | M15: =L15*J15 -> 3535
A16: 250 ml PET | B16: Coke | C16: 20 | D16: 2 | F16: =E16*H16 -> 0 | G16: =D16+E16 -> 2 | H16: 470.8 | I16: =H16*D16 -> 941.6 | J16: 505 | K16: =J16*D16 -> 1010 | L16: =G16-'3'!D16 -> 2 | M16: =L16*J16 -> 1010
A17: 250 ml PET | B17: Kinley Soda | C17: 11 | D17: 102 | F17: =E17*H17 -> 0 | G17: =D17+E17 -> 102 | H17: 235.59 | I17: =H17*D17 -> 24030.18 | J17: 250 | K17: =J17*D17 -> 25500 | L17: =G17-'3'!D17 -> 8 | M17: =L17*J17 -> 2000
A18: 250 ml PET | B18: RimZim Fiz | C18: 20 | F18: =E18*H18 -> 0 | G18: =D18+E18 -> 0 | H18: 470.8 | I18: =H18*D18 -> 0 | J18: 500 | K18: =J18*D18 -> 0 | L18: =G18-'3'!D18 -> 0 | M18: =L18*J18 -> 0
A19: 250 ml PET | B19: Zero Thums up | C19: 10 | F19: =E19*H19 -> 0 | G19: =D19+E19 -> 0 | H19: 204 | I19: =H19*D19 -> 0 | J19: 230 | K19: =J19*D19 -> 0 | L19: =G19-'3'!D19 -> 0 | M19: =L19*J19 -> 0
A20: 250 ml PET | B20: Zero Sprite | C20: 10 | F20: =E20*H20 -> 0 | G20: =D20+E20 -> 0 | H20: 204 | I20: =H20*D20 -> 0 | J20: 230 | K20: =J20*D20 -> 0 | L20: =G20-'3'!D20 -> 0 | M20: =L20*J20 -> 0
A21: 250 ml PET | B21: Zero Coke | C21: 10 | D21: 32 | F21: =E21*H21 -> 0 | G21: =D21+E21 -> 32 | H21: 204 | I21: =H21*D21 -> 6528 | J21: 230 | K21: =J21*D21 -> 7360 | L21: =G21-'3'!D21 -> 2 | M21: =L21*J21 -> 460
A22: 250 ml PET | B22: Mazza | C22: 19 | D22: 115 | F22: =E22*H22 -> 0 | G22: =D22+E22 -> 115 | H22: 474.46 | I22: =H22*D22 -> 54562.9 | J22: 505 | K22: =J22*D22 -> 58075 | L22: =G22-'3'!D22 -> 16 | M22: =L22*J22 -> 8080
A23: 250 ml PET | B23: MM Pulpy orange | C23: 24 | D23: 103 | F23: =E23*H23 -> 0 | G23: =D23+E23 -> 103 | H23: 593.92 | I23: =H23*D23 -> 61173.76 | J23: 630 | K23: =J23*D23 -> 64890 | L23: =G23-'3'!D23 -> 20 | M23: =L23*J23 -> 12600
A24: 300 ml RGB | B24: Thums up | C24: 25 | D24: 9 | E24: 54 | F24: =E24*H24 -> 24478.2 | G24: =D24+E24 -> 63 | H24: 453.3 | I24: =H24*D24 -> 4079.7 | J24: 493 | K24: =J24*D24 -> 4437 | L24: =G24-'3'!D24 -> 0 | M24: =L24*J24 -> 0
A25: 300 ml RGB | B25: Sprite | C25: 25 | E25: 54 | F25: =E25*H25 -> 24478.2 | G25: =D25+E25 -> 54 | H25: 453.3 | I25: =H25*D25 -> 0 | J25: 493 | K25: =J25*D25 -> 0 | L25: =G25-'3'!D25 -> 0 | M25: =L25*J25 -> 0
A26: 300 ml RGB | B26: Fanta | C26: 25 | F26: =E26*H26 -> 0 | G26: =D26+E26 -> 0 | H26: 453.3 | I26: =H26*D26 -> 0 | J26: 493 | K26: =J26*D26 -> 0 | L26: =G26-'3'!D26 -> 0 | M26: =L26*J26 -> 0
A27: 300 ml RGB | B27: Coke | C27: 25 | F27: =E27*H27 -> 0 | G27: =D27+E27 -> 0 | H27: 453.3 | I27: =H27*D27 -> 0 | J27: 493 | K27: =J27*D27 -> 0 | L27: =G27-'3'!D27 -> 0 | M27: =L27*J27 -> 0
A28: 300 ml CAN | B28: Thums up | C28: 40 | F28: =E28*H28 -> 0 | G28: =D28+E28 -> 0 | H28: 821.36 | I28: =H28*D28 -> 0 | J28: 878 | K28: =J28*D28 -> 0 | L28: =G28-'3'!D28 -> 0 | M28: =L28*J28 -> 0
A29: 300 ml CAN | B29: Sprite | C29: 40 | F29: =E29*H29 -> 0 | G29: =D29+E29 -> 0 | H29: 821.36 | I29: =H29*D29 -> 0 | J29: 878 | K29: =J29*D29 -> 0 | L29: =G29-'3'!D29 -> 0 | M29: =L29*J29 -> 0
A30: 300 ml CAN | B30: Limca | C30: 40 | F30: =E30*H30 -> 0 | G30: =D30+E30 -> 0 | H30: 817.58 | I30: =H30*D30 -> 0 | J30: 878 | K30: =J30*D30 -> 0 | L30: =G30-'3'!D30 -> 0 | M30: =L30*J30 -> 0
A31: 300 ml CAN | B31: Fanta | C31: 40 | F31: =E31*H31 -> 0 | G31: =D31+E31 -> 0 | H31: 817.58 | I31: =H31*D31 -> 0 | J31: 878 | K31: =J31*D31 -> 0 | L31: =G31-'3'!D31 -> 0 | M31: =L31*J31 -> 0
A32: 300 ml CAN | B32: Coke | C32: 40 | F32: =E32*H32 -> 0 | G32: =D32+E32 -> 0 | H32: 817.58 | I32: =H32*D32 -> 0 | J32: 878 | K32: =J32*D32 -> 0 | L32: =G32-'3'!D32 -> 0 | M32: =L32*J32 -> 0
A33: 300 ml CAN | B33: D'Coke | C33: 40 | F33: =E33*H33 -> 0 | G33: =D33+E33 -> 0 | H33: 817.58 | I33: =H33*D33 -> 0 | J33: 878 | K33: =J33*D33 -> 0 | L33: =G33-'3'!D33 -> 0 | M33: =L33*J33 -> 0
A34: 300 ml CAN | B34: Predator | C34: 60 | D34: 1 | E34: 143 | F34: =E34*H34 -> 149098.95 | G34: =D34+E34 -> 144 | H34: 1042.65 | I34: =H34*D34 -> 1042.65 | J34: 1110 | K34: =J34*D34 -> 1110 | L34: =G34-'3'!D34 -> 12 | M34: =L34*J34 -> 13320
A35: 300 ml | B35: Kinley Water | C35: 7 | D35: 16 | F35: =E35*H35 -> 0 | G35: =D35+E35 -> 16 | H35: 126.24 | I35: =H35*D35 -> 2019.84 | J35: 140 | K35: =J35*D35 -> 2240 | L35: =G35-'3'!D35 -> 0 | M35: =L35*J35 -> 0
A36: 350 ml CAN | B36: Monster | C36: 125 | D36: 3 | E36: 39 | F36: =E36*H36 -> 79971.06 | G36: =D36+E36 -> 42 | H36: 2050.54 | I36: =H36*D36 -> 6151.62 | J36: 2175 | K36: =J36*D36 -> 6525 | L36: =G36-'3'!D36 -> 4 | M36: =L36*J36 -> 8700
A37: 400 ml csd | B37: Thums up | C37: 20 | D37: 3 | F37: =E37*H37 -> 0 | G37: =D37+E37 -> 3 | H37: 399.19 | I37: =H37*D37 -> 1197.57 | J37: 420 | K37: =J37*D37 -> 1260 | L37: =G37-'3'!D37 -> 1 | M37: =L37*J37 -> 420
A38: 400 ml csd | B38: Sprite | C38: 20 | F38: =E38*H38 -> 0 | G38: =D38+E38 -> 0 | H38: 399.19 | I38: =H38*D38 -> 0 | J38: 420 | K38: =J38*D38 -> 0 | L38: =G38-'3'!D38 -> 0 | M38: =L38*J38 -> 0
A39: 400 ml csd | B39: Coke | C39: 20 | F39: =E39*H39 -> 0 | G39: =D39+E39 -> 0 | H39: 399.19 | I39: =H39*D39 -> 0 | J39: 420 | K39: =J39*D39 -> 0 | L39: =G39-'3'!D39 -> 0 | M39: =L39*J39 -> 0
A40: 500 ml | B40: Kinley Water | C40: 9 | D40: 1 | E40: 72 | F40: =E40*H40 -> 12541.68 | G40: =D40+E40 -> 73 | H40: 174.19 | I40: =H40*D40 -> 174.19 | J40: 185 | K40: =J40*D40 -> 185 | L40: =G40-'3'!D40 -> 0 | M40: =L40*J40 -> 0
A41: 600 ml PET | B41: Mazza | C41: 35 | D41: 37 | F41: =E41*H41 -> 0 | G41: =D41+E41 -> 37 | H41: 748.13 | I41: =H41*D41 -> 27680.81 | J41: 795 | K41: =J41*D41 -> 29415 | L41: =G41-'3'!D41 -> 4 | M41: =L41*J41 -> 3180
A42: 740 ml | B42: Thums up | C42: 40 | D42: 36 | F42: =E42*H42 -> 0 | G42: =D42+E42 -> 36 | H42: 842.86 | I42: =H42*D42 -> 30342.96 | J42: 900 | K42: =J42*D42 -> 32400 | L42: =G42-'3'!D42 -> 5 | M42: =L42*J42 -> 4500
A43: 740 ml | B43: Sprite | C43: 40 | D43: 41 | F43: =E43*H43 -> 0 | G43: =D43+E43 -> 41 | H43: 842.86 | I43: =H43*D43 -> 34557.26 | J43: 900 | K43: =J43*D43 -> 36900 | L43: =G43-'3'!D43 -> 4 | M43: =L43*J43 -> 3600
A44: 740 ml | B44: Limca | C44: 40 | F44: =E44*H44 -> 0 | G44: =D44+E44 -> 0 | H44: 839.68 | I44: =H44*D44 -> 0 | J44: 900 | K44: =J44*D44 -> 0 | L44: =G44-'3'!D44 -> 0 | M44: =L44*J44 -> 0
A45: 740 ml | B45: Fanta | C45: 40 | F45: =E45*H45 -> 0 | G45: =D45+E45 -> 0 | H45: 839.68 | I45: =H45*D45 -> 0 | J45: 900 | K45: =J45*D45 -> 0 | L45: =G45-'3'!D45 -> 0 | M45: =L45*J45 -> 0
A46: 740 ml | B46: Coke | C46: 40 | F46: =E46*H46 -> 0 | G46: =D46+E46 -> 0 | H46: 839.68 | I46: =H46*D46 -> 0 | J46: 900 | K46: =J46*D46 -> 0 | L46: =G46-'3'!D46 -> 0 | M46: =L46*J46 -> 0
A47: 750 ml | B47: Kinley Soda | C47: 18 | D47: 54 | F47: =E47*H47 -> 0 | G47: =D47+E47 -> 54 | H47: 375.68 | I47: =H47*D47 -> 20286.72 | J47: 400 | K47: =J47*D47 -> 21600 | L47: =G47-'3'!D47 -> 6 | M47: =L47*J47 -> 2400
A48: 850 ml | B48: MM Pulpy orange | C48: 50 | D48: 78 | F48: =E48*H48 -> 0 | G48: =D48+E48 -> 78 | H48: 670.32 | I48: =H48*D48 -> 52284.96 | J48: 710 | K48: =J48*D48 -> 55380 | L48: =G48-'3'!D48 -> 5 | M48: =L48*J48 -> 3550
A49: 1 ltr PET | B49: Thums up | C49: 50 | D49: 55 | F49: =E49*H49 -> 0 | G49: =D49+E49 -> 55 | H49: 661.22 | I49: =H49*D49 -> 36367.1 | J49: 710 | K49: =J49*D49 -> 39050 | L49: =G49-'3'!D49 -> 23 | M49: =L49*J49 -> 16330
A50: 1 ltr PET | B50: Sprite | C50: 50 | D50: 32 | F50: =E50*H50 -> 0 | G50: =D50+E50 -> 32 | H50: 661.22 | I50: =H50*D50 -> 21159.04 | J50: 710 | K50: =J50*D50 -> 22720 | L50: =G50-'3'!D50 -> 9 | M50: =L50*J50 -> 6390
A51: 1 ltr PET | B51: Limca | C51: 50 | F51: =E51*H51 -> 0 | G51: =D51+E51 -> 0 | H51: 661.22 | I51: =H51*D51 -> 0 | J51: 710 | K51: =J51*D51 -> 0 | L51: =G51-'3'!D51 -> 0 | M51: =L51*J51 -> 0
A52: 1 ltr PET | B52: Fanta | C52: 50 | F52: =E52*H52 -> 0 | G52: =D52+E52 -> 0 | H52: 661.22 | I52: =H52*D52 -> 0 | J52: 710 | K52: =J52*D52 -> 0 | L52: =G52-'3'!D52 -> 0 | M52: =L52*J52 -> 0
A53: 1 ltr PET | B53: Coke | C53: 50 | F53: =E53*H53 -> 0 | G53: =D53+E53 -> 0 | H53: 661.22 | I53: =H53*D53 -> 0 | J53: 710 | K53: =J53*D53 -> 0 | L53: =G53-'3'!D53 -> 0 | M53: =L53*J53 -> 0
A54: 1 ltr PET | B54: MM Pulpy orange | C54: 85 | D54: 6 | F54: =E54*H54 -> 0 | G54: =D54+E54 -> 6 | H54: 797.07 | I54: =H54*D54 -> 4782.42 | J54: 845 | K54: =J54*D54 -> 5070 | L54: =G54-'3'!D54 -> 0 | M54: =L54*J54 -> 0
A55: 1 ltr | B55: Kinley Water | C55: 18 | D55: 238 | E55: =756+240 -> 996 | F55: =E55*H55 -> 160126.92 | G55: =D55+E55 -> 1234 | H55: 160.77 | I55: =H55*D55 -> 38263.26 | J55: 175 | K55: =J55*D55 -> 41650 | L55: =G55-'3'!D55 -> 69 | M55: =L55*J55 -> 12075
A56: 1.2 ltr | B56: Mazza | C56: 70 | D56: 22 | F56: =E56*H56 -> 0 | G56: =D56+E56 -> 22 | H56: 744.99 | I56: =H56*D56 -> 16389.78 | J56: 790 | K56: =J56*D56 -> 17380 | L56: =G56-'3'!D56 -> 1 | M56: =L56*J56 -> 790
A57: 1.25 Ltr PET | B57: Kinley Soda | C57: 30 | F57: =E57*H57 -> 0 | G57: =D57+E57 -> 0 | H57: 316.15 | I57: =H57*D57 -> 0 | J57: 336 | K57: =J57*D57 -> 0 | L57: =G57-'3'!D57 -> 0 | M57: =L57*J57 -> 0
A58: 1.75 ltr | B58: Mazza | C58: 95 | D58: 21 | F58: =E58*H58 -> 0 | G58: =D58+E58 -> 21 | H58: 1042.9 | I58: =H58*D58 -> 21900.9 | J58: 1105 | K58: =J58*D58 -> 23205 | L58: =G58-'3'!D58 -> 5 | M58: =L58*J58 -> 5525
A59: 2 ltr | B59: Kinley Water | C59: 28 | D59: 1 | E59: 48 | F59: =E59*H59 -> 7922.88 | G59: =D59+E59 -> 49 | H59: 165.06 | I59: =H59*D59 -> 165.06 | J59: 180 | K59: =J59*D59 -> 180 | L59: =G59-'3'!D59 -> 2 | M59: =L59*J59 -> 360
A60: 1.5 ltr PET | B60: Thums up | C60: 70 | F60: =E60*H60 -> 0 | G60: =D60+E60 -> 0 | H60: 721.25 | I60: =H60*D60 -> 0 | J60: 771 | K60: =J60*D60 -> 0 | L60: =G60-'3'!D60 -> 0 | M60: =L60*J60 -> 0
A61: 1.5 ltr PET | B61: Sprite | C61: 70 | F61: =E61*H61 -> 0 | G61: =D61+E61 -> 0 | H61: 721.25 | I61: =H61*D61 -> 0 | J61: 771 | K61: =J61*D61 -> 0 | L61: =G61-'3'!D61 -> 0 | M61: =L61*J61 -> 0
A62: 2.25 Ltr PET | B62: Thums up | C62: 100 | E62: 280 | F62: =E62*H62 -> 221449.2 | G62: =D62+E62 -> 280 | H62: 790.89 | I62: =H62*D62 -> 0 | J62: 845 | K62: =J62*D62 -> 0 | L62: =G62-'3'!D62 -> 34 | M62: =L62*J62 -> 28730
A63: 2.25 Ltr PET | B63: Sprite | C63: 100 | E63: 224 | F63: =E63*H63 -> 177159.36 | G63: =D63+E63 -> 224 | H63: 790.89 | I63: =H63*D63 -> 0 | J63: 845 | K63: =J63*D63 -> 0 | L63: =G63-'3'!D63 -> 22 | M63: =L63*J63 -> 18590
A64: 2.25 Ltr PET | B64: Limca | C64: 100 | F64: =E64*H64 -> 0 | G64: =D64+E64 -> 0 | H64: 790.89 | I64: =H64*D64 -> 0 | J64: 845 | K64: =J64*D64 -> 0 | L64: =G64-'3'!D64 -> 0 | M64: =L64*J64 -> 0
A65: 2.25 Ltr PET | B65: Fanta | C65: 100 | F65: =E65*H65 -> 0 | G65: =D65+E65 -> 0 | H65: 790.89 | I65: =H65*D65 -> 0 | J65: 845 | K65: =J65*D65 -> 0 | L65: =G65-'3'!D65 -> 0 | M65: =L65*J65 -> 0
A66: 2.25 Ltr PET | B66: Coke | C66: 100 | F66: =E66*H66 -> 0 | G66: =D66+E66 -> 0 | H66: 790.89 | I66: =H66*D66 -> 0 | J66: 845 | K66: =J66*D66 -> 0 | L66: =G66-'3'!D66 -> 0 | M66: =L66*J66 -> 0
A67: Total Cases & Amount | D67: =SUM(D2:D66) -> 2870 | E67: =SUM(E2:E66) -> 2738 | F67: =SUM(F2:F66) -> 1101108.1 | G67: =SUM(G2:G66) -> 5608 | I67: =SUM(I2:I66) -> 1141423.3 | J67: =SUM(J2:J66) -> 39088 | K67: =SUM(K2:K66) -> 1218718 | L67: =SUM(L2:L66) -> 491 | M67: =SUM(M2:M66) -> 252436

Sheet 3
A1: Pack | B1: Flavour | C1: MRP | D1: Stock PC | E1: Recived pc | F1: Recived invoice | G1: Total PC | H1: Invoce cost | I1: Amount | J1: sale price | K1: Amount | L1: SALE Pc | M1: SALE Amount
A2: 150 ml Tetra | B2: Mazza | C2: 9 | D2: 507 | F2: =E2*H2 -> 0 | G2: =D2+E2 -> 507 | H2: 308.13 | I2: =H2*D2 -> 156221.91 | J2: 326 | K2: =J2*D2 -> 165282 | L2: =G2-'4'!D2 -> 15 | M2: =L2*J2 -> 4890
A3: 150 ml Tetra | B3: MM Apple | C3: 9 | D3: 68 | F3: =E3*H3 -> 0 | G3: =D3+E3 -> 68 | H3: 308.19 | I3: =H3*D3 -> 20956.92 | J3: 326 | K3: =J3*D3 -> 22168 | L3: =G3-'4'!D3 -> 1 | M3: =L3*J3 -> 326
A4: 150 ml Tetra | B4: MM LMN Fresh | C4: 9 | F4: =E4*H4 -> 0 | G4: =D4+E4 -> 0 | H4: 308.19 | I4: =H4*D4 -> 0 | J4: 326 | K4: =J4*D4 -> 0 | L4: =G4-'4'!D4 -> 0 | M4: =L4*J4 -> 0
A5: 200 ml RGB | B5: Thums up | C5: 10 | D5: 224 | F5: =E5*H5 -> 0 | G5: =D5+E5 -> 224 | H5: 174.77 | I5: =H5*D5 -> 39148.48 | J5: 192 | K5: =J5*D5 -> 43008 | L5: =G5-'4'!D5 -> 18 | M5: =L5*J5 -> 3456
A6: 200 ml RGB | B6: Sprite | C6: 10 | D6: 217 | F6: =E6*H6 -> 0 | G6: =D6+E6 -> 217 | H6: 174.77 | I6: =H6*D6 -> 37925.09 | J6: 192 | K6: =J6*D6 -> 41664 | L6: =G6-'4'!D6 -> 11 | M6: =L6*J6 -> 2112
A7: 200 ml RGB | B7: Limca | C7: 10 | D7: 60 | F7: =E7*H7 -> 0 | G7: =D7+E7 -> 60 | H7: 174.77 | I7: =H7*D7 -> 10486.2 | J7: 192 | K7: =J7*D7 -> 11520 | L7: =G7-'4'!D7 -> 3 | M7: =L7*J7 -> 576
A8: 200 ml RGB | B8: Fanta | C8: 10 | D8: 99 | F8: =E8*H8 -> 0 | G8: =D8+E8 -> 99 | H8: 174.77 | I8: =H8*D8 -> 17302.23 | J8: 192 | K8: =J8*D8 -> 19008 | L8: =G8-'4'!D8 -> 6 | M8: =L8*J8 -> 1152
A9: 200 ml RGB | B9: Coke | C9: 10 | D9: 212 | F9: =E9*H9 -> 0 | G9: =D9+E9 -> 212 | H9: 174.77 | I9: =H9*D9 -> 37051.24 | J9: 192 | K9: =J9*D9 -> 40704 | L9: =G9-'4'!D9 -> 12 | M9: =L9*J9 -> 2304
A10: 200 ml RGB | B10: Mazza | C10: 14 | F10: =E10*H10 -> 0 | G10: =D10+E10 -> 0 | H10: 259.54 | I10: =H10*D10 -> 0 | J10: 282 | K10: =J10*D10 -> 0 | L10: =G10-'4'!D10 -> 0 | M10: =L10*J10 -> 0
A11: 250 ml PET | B11: Thums up Charge | C11: 20 | D11: 41 | F11: =E11*H11 -> 0 | G11: =D11+E11 -> 41 | H11: 470.8 | I11: =H11*D11 -> 19302.8 | J11: 505 | K11: =J11*D11 -> 20705 | L11: =G11-'4'!D11 -> 2 | M11: =L11*J11 -> 1010
A12: 250 ml PET | B12: Thums up | C12: 20 | D12: 553 | F12: =E12*H12 -> 0 | G12: =D12+E12 -> 553 | H12: 475.77 | I12: =H12*D12 -> 263100.81 | J12: 505 | K12: =J12*D12 -> 279265 | L12: =G12-'4'!D12 -> 69 | M12: =L12*J12 -> 34845
A13: 250 ml PET | B13: Sprite | C13: 20 | D13: 351 | F13: =E13*H13 -> 0 | G13: =D13+E13 -> 351 | H13: 475.77 | I13: =H13*D13 -> 166995.27 | J13: 505 | K13: =J13*D13 -> 177255 | L13: =G13-'4'!D13 -> 34 | M13: =L13*J13 -> 17170
A14: 250 ml PET | B14: Limca | C14: 20 | D14: 63 | F14: =E14*H14 -> 0 | G14: =D14+E14 -> 63 | H14: 470.8 | I14: =H14*D14 -> 29660.4 | J14: 505 | K14: =J14*D14 -> 31815 | L14: =G14-'4'!D14 -> 9 | M14: =L14*J14 -> 4545
A15: 250 ml PET | B15: Fanta | C15: 20 | D15: 58 | F15: =E15*H15 -> 0 | G15: =D15+E15 -> 58 | H15: 470.8 | I15: =H15*D15 -> 27306.4 | J15: 505 | K15: =J15*D15 -> 29290 | L15: =G15-'4'!D15 -> 9 | M15: =L15*J15 -> 4545
A16: 250 ml PET | B16: Coke | C16: 20 | F16: =E16*H16 -> 0 | G16: =D16+E16 -> 0 | H16: 470.8 | I16: =H16*D16 -> 0 | J16: 505 | K16: =J16*D16 -> 0 | L16: =G16-'4'!D16 -> 0 | M16: =L16*J16 -> 0
A17: 250 ml PET | B17: Kinley Soda | C17: 11 | D17: 94 | F17: =E17*H17 -> 0 | G17: =D17+E17 -> 94 | H17: 235.59 | I17: =H17*D17 -> 22145.46 | J17: 250 | K17: =J17*D17 -> 23500 | L17: =G17-'4'!D17 -> 7 | M17: =L17*J17 -> 1750
A18: 250 ml PET | B18: RimZim Fiz | C18: 20 | F18: =E18*H18 -> 0 | G18: =D18+E18 -> 0 | H18: 470.8 | I18: =H18*D18 -> 0 | J18: 500 | K18: =J18*D18 -> 0 | L18: =G18-'4'!D18 -> 0 | M18: =L18*J18 -> 0
A19: 250 ml PET | B19: Zero Thums up | C19: 10 | F19: =E19*H19 -> 0 | G19: =D19+E19 -> 0 | H19: 204 | I19: =H19*D19 -> 0 | J19: 230 | K19: =J19*D19 -> 0 | L19: =G19-'4'!D19 -> 0 | M19: =L19*J19 -> 0
A20: 250 ml PET | B20: Zero Sprite | C20: 10 | F20: =E20*H20 -> 0 | G20: =D20+E20 -> 0 | H20: 204 | I20: =H20*D20 -> 0 | J20: 230 | K20: =J20*D20 -> 0 | L20: =G20-'4'!D20 -> 0 | M20: =L20*J20 -> 0
A21: 250 ml PET | B21: Zero Coke | C21: 10 | D21: 30 | F21: =E21*H21 -> 0 | G21: =D21+E21 -> 30 | H21: 204 | I21: =H21*D21 -> 6120 | J21: 230 | K21: =J21*D21 -> 6900 | L21: =G21-'4'!D21 -> 0 | M21: =L21*J21 -> 0
A22: 250 ml PET | B22: Mazza | C22: 19 | D22: 99 | F22: =E22*H22 -> 0 | G22: =D22+E22 -> 99 | H22: 474.46 | I22: =H22*D22 -> 46971.54 | J22: 505 | K22: =J22*D22 -> 49995 | L22: =G22-'4'!D22 -> 22 | M22: =L22*J22 -> 11110
A23: 250 ml PET | B23: MM Pulpy orange | C23: 24 | D23: 83 | F23: =E23*H23 -> 0 | G23: =D23+E23 -> 83 | H23: 593.92 | I23: =H23*D23 -> 49295.36 | J23: 630 | K23: =J23*D23 -> 52290 | L23: =G23-'4'!D23 -> 16 | M23: =L23*J23 -> 10080
A24: 300 ml RGB | B24: Thums up | C24: 25 | D24: 63 | F24: =E24*H24 -> 0 | G24: =D24+E24 -> 63 | H24: 453.3 | I24: =H24*D24 -> 28557.9 | J24: 493 | K24: =J24*D24 -> 31059 | L24: =G24-'4'!D24 -> 0 | M24: =L24*J24 -> 0
A25: 300 ml RGB | B25: Sprite | C25: 25 | D25: 54 | F25: =E25*H25 -> 0 | G25: =D25+E25 -> 54 | H25: 453.3 | I25: =H25*D25 -> 24478.2 | J25: 493 | K25: =J25*D25 -> 26622 | L25: =G25-'4'!D25 -> 0 | M25: =L25*J25 -> 0
A26: 300 ml RGB | B26: Fanta | C26: 25 | F26: =E26*H26 -> 0 | G26: =D26+E26 -> 0 | H26: 453.3 | I26: =H26*D26 -> 0 | J26: 493 | K26: =J26*D26 -> 0 | L26: =G26-'4'!D26 -> 0 | M26: =L26*J26 -> 0
A27: 300 ml RGB | B27: Coke | C27: 25 | F27: =E27*H27 -> 0 | G27: =D27+E27 -> 0 | H27: 453.3 | I27: =H27*D27 -> 0 | J27: 493 | K27: =J27*D27 -> 0 | L27: =G27-'4'!D27 -> 0 | M27: =L27*J27 -> 0
A28: 300 ml CAN | B28: Thums up | C28: 40 | F28: =E28*H28 -> 0 | G28: =D28+E28 -> 0 | H28: 821.36 | I28: =H28*D28 -> 0 | J28: 878 | K28: =J28*D28 -> 0 | L28: =G28-'4'!D28 -> 0 | M28: =L28*J28 -> 0
A29: 300 ml CAN | B29: Sprite | C29: 40 | F29: =E29*H29 -> 0 | G29: =D29+E29 -> 0 | H29: 821.36 | I29: =H29*D29 -> 0 | J29: 878 | K29: =J29*D29 -> 0 | L29: =G29-'4'!D29 -> 0 | M29: =L29*J29 -> 0
A30: 300 ml CAN | B30: Limca | C30: 40 | F30: =E30*H30 -> 0 | G30: =D30+E30 -> 0 | H30: 817.58 | I30: =H30*D30 -> 0 | J30: 878 | K30: =J30*D30 -> 0 | L30: =G30-'4'!D30 -> 0 | M30: =L30*J30 -> 0
A31: 300 ml CAN | B31: Fanta | C31: 40 | F31: =E31*H31 -> 0 | G31: =D31+E31 -> 0 | H31: 817.58 | I31: =H31*D31 -> 0 | J31: 878 | K31: =J31*D31 -> 0 | L31: =G31-'4'!D31 -> 0 | M31: =L31*J31 -> 0
A32: 300 ml CAN | B32: Coke | C32: 40 | F32: =E32*H32 -> 0 | G32: =D32+E32 -> 0 | H32: 817.58 | I32: =H32*D32 -> 0 | J32: 878 | K32: =J32*D32 -> 0 | L32: =G32-'4'!D32 -> 0 | M32: =L32*J32 -> 0
A33: 300 ml CAN | B33: D'Coke | C33: 40 | F33: =E33*H33 -> 0 | G33: =D33+E33 -> 0 | H33: 817.58 | I33: =H33*D33 -> 0 | J33: 878 | K33: =J33*D33 -> 0 | L33: =G33-'4'!D33 -> 0 | M33: =L33*J33 -> 0
A34: 300 ml CAN | B34: Predator | C34: 60 | D34: 132 | F34: =E34*H34 -> 0 | G34: =D34+E34 -> 132 | H34: 1042.65 | I34: =H34*D34 -> 137629.8 | J34: 1110 | K34: =J34*D34 -> 146520 | L34: =G34-'4'!D34 -> 86 | M34: =L34*J34 -> 95460
A35: 300 ml | B35: Kinley Water | C35: 7 | D35: 16 | F35: =E35*H35 -> 0 | G35: =D35+E35 -> 16 | H35: 126.24 | I35: =H35*D35 -> 2019.84 | J35: 140 | K35: =J35*D35 -> 2240 | L35: =G35-'4'!D35 -> 1 | M35: =L35*J35 -> 140
A36: 350 ml CAN | B36: Monster | C36: 125 | D36: 38 | F36: =E36*H36 -> 0 | G36: =D36+E36 -> 38 | H36: 2050.54 | I36: =H36*D36 -> 77920.52 | J36: 2175 | K36: =J36*D36 -> 82650 | L36: =G36-'4'!D36 -> 17 | M36: =L36*J36 -> 36975
A37: 400 ml csd | B37: Thums up | C37: 20 | D37: 2 | F37: =E37*H37 -> 0 | G37: =D37+E37 -> 2 | H37: 399.19 | I37: =H37*D37 -> 798.38 | J37: 420 | K37: =J37*D37 -> 840 | L37: =G37-'4'!D37 -> 0 | M37: =L37*J37 -> 0
A38: 400 ml csd | B38: Sprite | C38: 20 | F38: =E38*H38 -> 0 | G38: =D38+E38 -> 0 | H38: 399.19 | I38: =H38*D38 -> 0 | J38: 420 | K38: =J38*D38 -> 0 | L38: =G38-'4'!D38 -> 0 | M38: =L38*J38 -> 0
A39: 400 ml csd | B39: Coke | C39: 20 | F39: =E39*H39 -> 0 | G39: =D39+E39 -> 0 | H39: 399.19 | I39: =H39*D39 -> 0 | J39: 420 | K39: =J39*D39 -> 0 | L39: =G39-'4'!D39 -> 0 | M39: =L39*J39 -> 0
A40: 500 ml | B40: Kinley Water | C40: 9 | D40: 73 | F40: =E40*H40 -> 0 | G40: =D40+E40 -> 73 | H40: 174.19 | I40: =H40*D40 -> 12715.87 | J40: 185 | K40: =J40*D40 -> 13505 | L40: =G40-'4'!D40 -> 0 | M40: =L40*J40 -> 0
A41: 600 ml PET | B41: Mazza | C41: 35 | D41: 33 | F41: =E41*H41 -> 0 | G41: =D41+E41 -> 33 | H41: 748.13 | I41: =H41*D41 -> 24688.29 | J41: 795 | K41: =J41*D41 -> 26235 | L41: =G41-'4'!D41 -> 2 | M41: =L41*J41 -> 1590
A42: 740 ml | B42: Thums up | C42: 40 | D42: 31 | F42: =E42*H42 -> 0 | G42: =D42+E42 -> 31 | H42: 842.86 | I42: =H42*D42 -> 26128.66 | J42: 900 | K42: =J42*D42 -> 27900 | L42: =G42-'4'!D42 -> 4 | M42: =L42*J42 -> 3600
A43: 740 ml | B43: Sprite | C43: 40 | D43: 37 | F43: =E43*H43 -> 0 | G43: =D43+E43 -> 37 | H43: 842.86 | I43: =H43*D43 -> 31185.82 | J43: 900 | K43: =J43*D43 -> 33300 | L43: =G43-'4'!D43 -> 4 | M43: =L43*J43 -> 3600
A44: 740 ml | B44: Limca | C44: 40 | F44: =E44*H44 -> 0 | G44: =D44+E44 -> 0 | H44: 839.68 | I44: =H44*D44 -> 0 | J44: 900 | K44: =J44*D44 -> 0 | L44: =G44-'4'!D44 -> 0 | M44: =L44*J44 -> 0
A45: 740 ml | B45: Fanta | C45: 40 | F45: =E45*H45 -> 0 | G45: =D45+E45 -> 0 | H45: 839.68 | I45: =H45*D45 -> 0 | J45: 900 | K45: =J45*D45 -> 0 | L45: =G45-'4'!D45 -> 0 | M45: =L45*J45 -> 0
A46: 740 ml | B46: Coke | C46: 40 | F46: =E46*H46 -> 0 | G46: =D46+E46 -> 0 | H46: 839.68 | I46: =H46*D46 -> 0 | J46: 900 | K46: =J46*D46 -> 0 | L46: =G46-'4'!D46 -> 0 | M46: =L46*J46 -> 0
A47: 750 ml | B47: Kinley Soda | C47: 18 | D47: 48 | F47: =E47*H47 -> 0 | G47: =D47+E47 -> 48 | H47: 375.68 | I47: =H47*D47 -> 18032.64 | J47: 400 | K47: =J47*D47 -> 19200 | L47: =G47-'4'!D47 -> 4 | M47: =L47*J47 -> 1600
A48: 850 ml | B48: MM Pulpy orange | C48: 50 | D48: 73 | F48: =E48*H48 -> 0 | G48: =D48+E48 -> 73 | H48: 670.32 | I48: =H48*D48 -> 48933.36 | J48: 710 | K48: =J48*D48 -> 51830 | L48: =G48-'4'!D48 -> 1 | M48: =L48*J48 -> 710
A49: 1 ltr PET | B49: Thums up | C49: 50 | D49: 32 | F49: =E49*H49 -> 0 | G49: =D49+E49 -> 32 | H49: 661.22 | I49: =H49*D49 -> 21159.04 | J49: 710 | K49: =J49*D49 -> 22720 | L49: =G49-'4'!D49 -> 19 | M49: =L49*J49 -> 13490
A50: 1 ltr PET | B50: Sprite | C50: 50 | D50: 23 | F50: =E50*H50 -> 0 | G50: =D50+E50 -> 23 | H50: 661.22 | I50: =H50*D50 -> 15208.06 | J50: 710 | K50: =J50*D50 -> 16330 | L50: =G50-'4'!D50 -> 12 | M50: =L50*J50 -> 8520
A51: 1 ltr PET | B51: Limca | C51: 50 | F51: =E51*H51 -> 0 | G51: =D51+E51 -> 0 | H51: 661.22 | I51: =H51*D51 -> 0 | J51: 710 | K51: =J51*D51 -> 0 | L51: =G51-'4'!D51 -> 0 | M51: =L51*J51 -> 0
A52: 1 ltr PET | B52: Fanta | C52: 50 | F52: =E52*H52 -> 0 | G52: =D52+E52 -> 0 | H52: 661.22 | I52: =H52*D52 -> 0 | J52: 710 | K52: =J52*D52 -> 0 | L52: =G52-'4'!D52 -> 0 | M52: =L52*J52 -> 0
A53: 1 ltr PET | B53: Coke | C53: 50 | F53: =E53*H53 -> 0 | G53: =D53+E53 -> 0 | H53: 661.22 | I53: =H53*D53 -> 0 | J53: 710 | K53: =J53*D53 -> 0 | L53: =G53-'4'!D53 -> 0 | M53: =L53*J53 -> 0
A54: 1 ltr PET | B54: MM Pulpy orange | C54: 85 | D54: 6 | F54: =E54*H54 -> 0 | G54: =D54+E54 -> 6 | H54: 797.07 | I54: =H54*D54 -> 4782.42 | J54: 845 | K54: =J54*D54 -> 5070 | L54: =G54-'4'!D54 -> 3 | M54: =L54*J54 -> 2535
A55: 1 ltr | B55: Kinley Water | C55: 18 | D55: 1165 | F55: =E55*H55 -> 0 | G55: =D55+E55 -> 1165 | H55: 160.77 | I55: =H55*D55 -> 187297.05 | J55: 175 | K55: =J55*D55 -> 203875 | L55: =G55-'4'!D55 -> 64 | M55: =L55*J55 -> 11200
A56: 1.2 ltr | B56: Mazza | C56: 70 | D56: 21 | F56: =E56*H56 -> 0 | G56: =D56+E56 -> 21 | H56: 744.99 | I56: =H56*D56 -> 15644.79 | J56: 790 | K56: =J56*D56 -> 16590 | L56: =G56-'4'!D56 -> 0 | M56: =L56*J56 -> 0
A57: 1.25 Ltr PET | B57: Kinley Soda | C57: 30 | F57: =E57*H57 -> 0 | G57: =D57+E57 -> 0 | H57: 316.15 | I57: =H57*D57 -> 0 | J57: 336 | K57: =J57*D57 -> 0 | L57: =G57-'4'!D57 -> 0 | M57: =L57*J57 -> 0
A58: 1.75 ltr | B58: Mazza | C58: 95 | D58: 16 | F58: =E58*H58 -> 0 | G58: =D58+E58 -> 16 | H58: 1042.9 | I58: =H58*D58 -> 16686.4 | J58: 1105 | K58: =J58*D58 -> 17680 | L58: =G58-'4'!D58 -> 3 | M58: =L58*J58 -> 3315
A59: 2 ltr | B59: Kinley Water | C59: 28 | D59: 47 | F59: =E59*H59 -> 0 | G59: =D59+E59 -> 47 | H59: 165.06 | I59: =H59*D59 -> 7757.82 | J59: 180 | K59: =J59*D59 -> 8460 | L59: =G59-'4'!D59 -> 7 | M59: =L59*J59 -> 1260
A60: 1.5 ltr PET | B60: Thums up | C60: 70 | F60: =E60*H60 -> 0 | G60: =D60+E60 -> 0 | H60: 721.25 | I60: =H60*D60 -> 0 | J60: 771 | K60: =J60*D60 -> 0 | L60: =G60-'4'!D60 -> 0 | M60: =L60*J60 -> 0
A61: 1.5 ltr PET | B61: Sprite | C61: 70 | F61: =E61*H61 -> 0 | G61: =D61+E61 -> 0 | H61: 721.25 | I61: =H61*D61 -> 0 | J61: 771 | K61: =J61*D61 -> 0 | L61: =G61-'4'!D61 -> 0 | M61: =L61*J61 -> 0
A62: 2.25 Ltr PET | B62: Thums up | C62: 100 | D62: 246 | F62: =E62*H62 -> 0 | G62: =D62+E62 -> 246 | H62: 790.89 | I62: =H62*D62 -> 194558.94 | J62: 845 | K62: =J62*D62 -> 207870 | L62: =G62-'4'!D62 -> 31 | M62: =L62*J62 -> 26195
A63: 2.25 Ltr PET | B63: Sprite | C63: 100 | D63: 202 | F63: =E63*H63 -> 0 | G63: =D63+E63 -> 202 | H63: 790.89 | I63: =H63*D63 -> 159759.78 | J63: 845 | K63: =J63*D63 -> 170690 | L63: =G63-'4'!D63 -> 18 | M63: =L63*J63 -> 15210
A64: 2.25 Ltr PET | B64: Limca | C64: 100 | F64: =E64*H64 -> 0 | G64: =D64+E64 -> 0 | H64: 790.89 | I64: =H64*D64 -> 0 | J64: 845 | K64: =J64*D64 -> 0 | L64: =G64-'4'!D64 -> 0 | M64: =L64*J64 -> 0
A65: 2.25 Ltr PET | B65: Fanta | C65: 100 | F65: =E65*H65 -> 0 | G65: =D65+E65 -> 0 | H65: 790.89 | I65: =H65*D65 -> 0 | J65: 845 | K65: =J65*D65 -> 0 | L65: =G65-'4'!D65 -> 0 | M65: =L65*J65 -> 0
A66: 2.25 Ltr PET | B66: Coke | C66: 100 | F66: =E66*H66 -> 0 | G66: =D66+E66 -> 0 | H66: 790.89 | I66: =H66*D66 -> 0 | J66: 845 | K66: =J66*D66 -> 0 | L66: =G66-'4'!D66 -> 0 | M66: =L66*J66 -> 0
A67: Total Cases & Amount | D67: =SUM(D2:D66) -> 5117 | E67: =SUM(E2:E66) -> 0 | F67: =SUM(F2:F66) -> 0 | G67: =SUM(G2:G66) -> 5117 | I67: =SUM(I2:I66) -> 2005933.7 | J67: =SUM(J2:J66) -> 39088 | K67: =SUM(K2:K66) -> 2145555 | L67: =SUM(L2:L66) -> 510 | M67: =SUM(M2:M66) -> 325271

Sheet 4
A1: Pack | B1: Flavour | C1: MRP | D1: Stock PC | E1: Recived pc | F1: Recived invoice | G1: Total PC | H1: Invoce cost | I1: Amount | J1: sale price | K1: Amount | L1: SALE Pc | M1: SALE Amount
A2: 150 ml Tetra | B2: Mazza | C2: 9 | D2: 492 | F2: =E2*H2 -> 0 | G2: =D2+E2 -> 492 | H2: 308.13 | I2: =H2*D2 -> 151599.96 | J2: 326 | K2: =J2*D2 -> 160392 | L2: 0 | M2: =L2*J2 -> 0
A3: 150 ml Tetra | B3: MM Apple | C3: 9 | D3: 67 | F3: =E3*H3 -> 0 | G3: =D3+E3 -> 67 | H3: 308.19 | I3: =H3*D3 -> 20648.73 | J3: 326 | K3: =J3*D3 -> 21842 | L3: 0 | M3: =L3*J3 -> 0
A4: 150 ml Tetra | B4: MM LMN Fresh | C4: 9 | F4: =E4*H4 -> 0 | G4: =D4+E4 -> 0 | H4: 308.19 | I4: =H4*D4 -> 0 | J4: 326 | K4: =J4*D4 -> 0 | L4: 0 | M4: =L4*J4 -> 0
A5: 200 ml RGB | B5: Thums up | C5: 10 | D5: 206 | F5: =E5*H5 -> 0 | G5: =D5+E5 -> 206 | H5: 174.77 | I5: =H5*D5 -> 36002.62 | J5: 192 | K5: =J5*D5 -> 39552 | L5: 0 | M5: =L5*J5 -> 0
A6: 200 ml RGB | B6: Sprite | C6: 10 | D6: 206 | F6: =E6*H6 -> 0 | G6: =D6+E6 -> 206 | H6: 174.77 | I6: =H6*D6 -> 36002.62 | J6: 192 | K6: =J6*D6 -> 39552 | L6: 0 | M6: =L6*J6 -> 0
A7: 200 ml RGB | B7: Limca | C7: 10 | D7: 57 | F7: =E7*H7 -> 0 | G7: =D7+E7 -> 57 | H7: 174.77 | I7: =H7*D7 -> 9961.89 | J7: 192 | K7: =J7*D7 -> 10944 | L7: 0 | M7: =L7*J7 -> 0
A8: 200 ml RGB | B8: Fanta | C8: 10 | D8: 93 | F8: =E8*H8 -> 0 | G8: =D8+E8 -> 93 | H8: 174.77 | I8: =H8*D8 -> 16253.61 | J8: 192 | K8: =J8*D8 -> 17856 | L8: 0 | M8: =L8*J8 -> 0
A9: 200 ml RGB | B9: Coke | C9: 10 | D9: 200 | F9: =E9*H9 -> 0 | G9: =D9+E9 -> 200 | H9: 174.77 | I9: =H9*D9 -> 34954 | J9: 192 | K9: =J9*D9 -> 38400 | L9: 0 | M9: =L9*J9 -> 0
A10: 200 ml RGB | B10: Mazza | C10: 14 | F10: =E10*H10 -> 0 | G10: =D10+E10 -> 0 | H10: 259.54 | I10: =H10*D10 -> 0 | J10: 282 | K10: =J10*D10 -> 0 | L10: 0 | M10: =L10*J10 -> 0
A11: 250 ml PET | B11: Thums up Charge | C11: 20 | D11: 39 | F11: =E11*H11 -> 0 | G11: =D11+E11 -> 39 | H11: 470.8 | I11: =H11*D11 -> 18361.2 | J11: 505 | K11: =J11*D11 -> 19695 | L11: 0 | M11: =L11*J11 -> 0
A12: 250 ml PET | B12: Thums up | C12: 20 | D12: 484 | F12: =E12*H12 -> 0 | G12: =D12+E12 -> 484 | H12: 475.77 | I12: =H12*D12 -> 230272.68 | J12: 505 | K12: =J12*D12 -> 244420 | L12: 0 | M12: =L12*J12 -> 0
A13: 250 ml PET | B13: Sprite | C13: 20 | D13: 317 | F13: =E13*H13 -> 0 | G13: =D13+E13 -> 317 | H13: 475.77 | I13: =H13*D13 -> 150819.09 | J13: 505 | K13: =J13*D13 -> 160085 | L13: 0 | M13: =L13*J13 -> 0
A14: 250 ml PET | B14: Limca | C14: 20 | D14: 54 | F14: =E14*H14 -> 0 | G14: =D14+E14 -> 54 | H14: 470.8 | I14: =H14*D14 -> 25423.2 | J14: 505 | K14: =J14*D14 -> 27270 | L14: 0 | M14: =L14*J14 -> 0
A15: 250 ml PET | B15: Fanta | C15: 20 | D15: 49 | F15: =E15*H15 -> 0 | G15: =D15+E15 -> 49 | H15: 470.8 | I15: =H15*D15 -> 23069.2 | J15: 505 | K15: =J15*D15 -> 24745 | L15: 0 | M15: =L15*J15 -> 0
A16: 250 ml PET | B16: Coke | C16: 20 | F16: =E16*H16 -> 0 | G16: =D16+E16 -> 0 | H16: 470.8 | I16: =H16*D16 -> 0 | J16: 505 | K16: =J16*D16 -> 0 | L16: 0 | M16: =L16*J16 -> 0
A17: 250 ml PET | B17: Kinley Soda | C17: 11 | D17: 87 | F17: =E17*H17 -> 0 | G17: =D17+E17 -> 87 | H17: 235.59 | I17: =H17*D17 -> 20496.33 | J17: 250 | K17: =J17*D17 -> 21750 | L17: 0 | M17: =L17*J17 -> 0
A18: 250 ml PET | B18: RimZim Fiz | C18: 20 | F18: =E18*H18 -> 0 | G18: =D18+E18 -> 0 | H18: 470.8 | I18: =H18*D18 -> 0 | J18: 500 | K18: =J18*D18 -> 0 | L18: 0 | M18: =L18*J18 -> 0
A19: 250 ml PET | B19: Zero Thums up | C19: 10 | F19: =E19*H19 -> 0 | G19: =D19+E19 -> 0 | H19: 204 | I19: =H19*D19 -> 0 | J19: 230 | K19: =J19*D19 -> 0 | L19: 0 | M19: =L19*J19 -> 0
A20: 250 ml PET | B20: Zero Sprite | C20: 10 | F20: =E20*H20 -> 0 | G20: =D20+E20 -> 0 | H20: 204 | I20: =H20*D20 -> 0 | J20: 230 | K20: =J20*D20 -> 0 | L20: 0 | M20: =L20*J20 -> 0
A21: 250 ml PET | B21: Zero Coke | C21: 10 | D21: 30 | F21: =E21*H21 -> 0 | G21: =D21+E21 -> 30 | H21: 204 | I21: =H21*D21 -> 6120 | J21: 230 | K21: =J21*D21 -> 6900 | L21: 0 | M21: =L21*J21 -> 0
A22: 250 ml PET | B22: Mazza | C22: 19 | D22: 77 | F22: =E22*H22 -> 0 | G22: =D22+E22 -> 77 | H22: 474.46 | I22: =H22*D22 -> 36533.42 | J22: 505 | K22: =J22*D22 -> 38885 | L22: 0 | M22: =L22*J22 -> 0
A23: 250 ml PET | B23: MM Pulpy orange | C23: 24 | D23: 67 | F23: =E23*H23 -> 0 | G23: =D23+E23 -> 67 | H23: 593.92 | I23: =H23*D23 -> 39792.64 | J23: 630 | K23: =J23*D23 -> 42210 | L23: 0 | M23: =L23*J23 -> 0
A24: 300 ml RGB | B24: Thums up | C24: 25 | D24: 63 | F24: =E24*H24 -> 0 | G24: =D24+E24 -> 63 | H24: 453.3 | I24: =H24*D24 -> 28557.9 | J24: 493 | K24: =J24*D24 -> 31059 | L24: 0 | M24: =L24*J24 -> 0
A25: 300 ml RGB | B25: Sprite | C25: 25 | D25: 54 | F25: =E25*H25 -> 0 | G25: =D25+E25 -> 54 | H25: 453.3 | I25: =H25*D25 -> 24478.2 | J25: 493 | K25: =J25*D25 -> 26622 | L25: 0 | M25: =L25*J25 -> 0
A26: 300 ml RGB | B26: Fanta | C26: 25 | F26: =E26*H26 -> 0 | G26: =D26+E26 -> 0 | H26: 453.3 | I26: =H26*D26 -> 0 | J26: 493 | K26: =J26*D26 -> 0 | L26: 0 | M26: =L26*J26 -> 0
A27: 300 ml RGB | B27: Coke | C27: 25 | F27: =E27*H27 -> 0 | G27: =D27+E27 -> 0 | H27: 453.3 | I27: =H27*D27 -> 0 | J27: 493 | K27: =J27*D27 -> 0 | L27: 0 | M27: =L27*J27 -> 0
A28: 300 ml CAN | B28: Thums up | C28: 40 | F28: =E28*H28 -> 0 | G28: =D28+E28 -> 0 | H28: 821.36 | I28: =H28*D28 -> 0 | J28: 878 | K28: =J28*D28 -> 0 | L28: 0 | M28: =L28*J28 -> 0
A29: 300 ml CAN | B29: Sprite | C29: 40 | F29: =E29*H29 -> 0 | G29: =D29+E29 -> 0 | H29: 821.36 | I29: =H29*D29 -> 0 | J29: 878 | K29: =J29*D29 -> 0 | L29: 0 | M29: =L29*J29 -> 0
A30: 300 ml CAN | B30: Limca | C30: 40 | F30: =E30*H30 -> 0 | G30: =D30+E30 -> 0 | H30: 817.58 | I30: =H30*D30 -> 0 | J30: 878 | K30: =J30*D30 -> 0 | L30: 0 | M30: =L30*J30 -> 0
A31: 300 ml CAN | B31: Fanta | C31: 40 | F31: =E31*H31 -> 0 | G31: =D31+E31 -> 0 | H31: 817.58 | I31: =H31*D31 -> 0 | J31: 878 | K31: =J31*D31 -> 0 | L31: 0 | M31: =L31*J31 -> 0
A32: 300 ml CAN | B32: Coke | C32: 40 | F32: =E32*H32 -> 0 | G32: =D32+E32 -> 0 | H32: 817.58 | I32: =H32*D32 -> 0 | J32: 878 | K32: =J32*D32 -> 0 | L32: 0 | M32: =L32*J32 -> 0
A33: 300 ml CAN | B33: D'Coke | C33: 40 | F33: =E33*H33 -> 0 | G33: =D33+E33 -> 0 | H33: 817.58 | I33: =H33*D33 -> 0 | J33: 878 | K33: =J33*D33 -> 0 | L33: 0 | M33: =L33*J33 -> 0
A34: 300 ml CAN | B34: Predator | C34: 60 | D34: 46 | F34: =E34*H34 -> 0 | G34: =D34+E34 -> 46 | H34: 1042.65 | I34: =H34*D34 -> 47961.9 | J34: 1110 | K34: =J34*D34 -> 51060 | L34: 0 | M34: =L34*J34 -> 0
A35: 300 ml | B35: Kinley Water | C35: 7 | D35: 15 | F35: =E35*H35 -> 0 | G35: =D35+E35 -> 15 | H35: 126.24 | I35: =H35*D35 -> 1893.6 | J35: 140 | K35: =J35*D35 -> 2100 | L35: 0 | M35: =L35*J35 -> 0
A36: 350 ml CAN | B36: Monster | C36: 125 | D36: 21 | F36: =E36*H36 -> 0 | G36: =D36+E36 -> 21 | H36: 2050.54 | I36: =H36*D36 -> 43061.34 | J36: 2175 | K36: =J36*D36 -> 45675 | L36: 0 | M36: =L36*J36 -> 0
A37: 400 ml csd | B37: Thums up | C37: 20 | D37: 2 | F37: =E37*H37 -> 0 | G37: =D37+E37 -> 2 | H37: 399.19 | I37: =H37*D37 -> 798.38 | J37: 420 | K37: =J37*D37 -> 840 | L37: 0 | M37: =L37*J37 -> 0
A38: 400 ml csd | B38: Sprite | C38: 20 | F38: =E38*H38 -> 0 | G38: =D38+E38 -> 0 | H38: 399.19 | I38: =H38*D38 -> 0 | J38: 420 | K38: =J38*D38 -> 0 | L38: 0 | M38: =L38*J38 -> 0
A39: 400 ml csd | B39: Coke | C39: 20 | F39: =E39*H39 -> 0 | G39: =D39+E39 -> 0 | H39: 399.19 | I39: =H39*D39 -> 0 | J39: 420 | K39: =J39*D39 -> 0 | L39: 0 | M39: =L39*J39 -> 0
A40: 500 ml | B40: Kinley Water | C40: 9 | D40: 73 | F40: =E40*H40 -> 0 | G40: =D40+E40 -> 73 | H40: 174.19 | I40: =H40*D40 -> 12715.87 | J40: 185 | K40: =J40*D40 -> 13505 | L40: 0 | M40: =L40*J40 -> 0
A41: 600 ml PET | B41: Mazza | C41: 35 | D41: 31 | F41: =E41*H41 -> 0 | G41: =D41+E41 -> 31 | H41: 748.13 | I41: =H41*D41 -> 23192.03 | J41: 795 | K41: =J41*D41 -> 24645 | L41: 0 | M41: =L41*J41 -> 0
A42: 740 ml | B42: Thums up | C42: 40 | D42: 27 | F42: =E42*H42 -> 0 | G42: =D42+E42 -> 27 | H42: 842.86 | I42: =H42*D42 -> 22757.22 | J42: 900 | K42: =J42*D42 -> 24300 | L42: 0 | M42: =L42*J42 -> 0
A43: 740 ml | B43: Sprite | C43: 40 | D43: 33 | F43: =E43*H43 -> 0 | G43: =D43+E43 -> 33 | H43: 842.86 | I43: =H43*D43 -> 27814.38 | J43: 900 | K43: =J43*D43 -> 29700 | L43: 0 | M43: =L43*J43 -> 0
A44: 740 ml | B44: Limca | C44: 40 | F44: =E44*H44 -> 0 | G44: =D44+E44 -> 0 | H44: 839.68 | I44: =H44*D44 -> 0 | J44: 900 | K44: =J44*D44 -> 0 | L44: 0 | M44: =L44*J44 -> 0
A45: 740 ml | B45: Fanta | C45: 40 | F45: =E45*H45 -> 0 | G45: =D45+E45 -> 0 | H45: 839.68 | I45: =H45*D45 -> 0 | J45: 900 | K45: =J45*D45 -> 0 | L45: 0 | M45: =L45*J45 -> 0
A46: 740 ml | B46: Coke | C46: 40 | F46: =E46*H46 -> 0 | G46: =D46+E46 -> 0 | H46: 839.68 | I46: =H46*D46 -> 0 | J46: 900 | K46: =J46*D46 -> 0 | L46: 0 | M46: =L46*J46 -> 0
A47: 750 ml | B47: Kinley Soda | C47: 18 | D47: 44 | F47: =E47*H47 -> 0 | G47: =D47+E47 -> 44 | H47: 375.68 | I47: =H47*D47 -> 16529.92 | J47: 400 | K47: =J47*D47 -> 17600 | L47: 0 | M47: =L47*J47 -> 0
A48: 850 ml | B48: MM Pulpy orange | C48: 50 | D48: 72 | F48: =E48*H48 -> 0 | G48: =D48+E48 -> 72 | H48: 670.32 | I48: =H48*D48 -> 48263.04 | J48: 710 | K48: =J48*D48 -> 51120 | L48: 0 | M48: =L48*J48 -> 0
A49: 1 ltr PET | B49: Thums up | C49: 50 | D49: 13 | F49: =E49*H49 -> 0 | G49: =D49+E49 -> 13 | H49: 661.22 | I49: =H49*D49 -> 8595.86 | J49: 710 | K49: =J49*D49 -> 9230 | L49: 0 | M49: =L49*J49 -> 0
A50: 1 ltr PET | B50: Sprite | C50: 50 | D50: 11 | F50: =E50*H50 -> 0 | G50: =D50+E50 -> 11 | H50: 661.22 | I50: =H50*D50 -> 7273.42 | J50: 710 | K50: =J50*D50 -> 7810 | L50: 0 | M50: =L50*J50 -> 0
A51: 1 ltr PET | B51: Limca | C51: 50 | F51: =E51*H51 -> 0 | G51: =D51+E51 -> 0 | H51: 661.22 | I51: =H51*D51 -> 0 | J51: 710 | K51: =J51*D51 -> 0 | L51: 0 | M51: =L51*J51 -> 0
A52: 1 ltr PET | B52: Fanta | C52: 50 | F52: =E52*H52 -> 0 | G52: =D52+E52 -> 0 | H52: 661.22 | I52: =H52*D52 -> 0 | J52: 710 | K52: =J52*D52 -> 0 | L52: 0 | M52: =L52*J52 -> 0
A53: 1 ltr PET | B53: Coke | C53: 50 | F53: =E53*H53 -> 0 | G53: =D53+E53 -> 0 | H53: 661.22 | I53: =H53*D53 -> 0 | J53: 710 | K53: =J53*D53 -> 0 | L53: 0 | M53: =L53*J53 -> 0
A54: 1 ltr PET | B54: MM Pulpy orange | C54: 85 | D54: 3 | F54: =E54*H54 -> 0 | G54: =D54+E54 -> 3 | H54: 797.07 | I54: =H54*D54 -> 2391.21 | J54: 845 | K54: =J54*D54 -> 2535 | L54: 0 | M54: =L54*J54 -> 0
A55: 1 ltr | B55: Kinley Water | C55: 18 | D55: 1101 | F55: =E55*H55 -> 0 | G55: =D55+E55 -> 1101 | H55: 160.77 | I55: =H55*D55 -> 177007.77 | J55: 175 | K55: =J55*D55 -> 192675 | L55: 0 | M55: =L55*J55 -> 0
A56: 1.2 ltr | B56: Mazza | C56: 70 | D56: 21 | F56: =E56*H56 -> 0 | G56: =D56+E56 -> 21 | H56: 744.99 | I56: =H56*D56 -> 15644.79 | J56: 790 | K56: =J56*D56 -> 16590 | L56: 0 | M56: =L56*J56 -> 0
A57: 1.25 Ltr PET | B57: Kinley Soda | C57: 30 | F57: =E57*H57 -> 0 | G57: =D57+E57 -> 0 | H57: 316.15 | I57: =H57*D57 -> 0 | J57: 336 | K57: =J57*D57 -> 0 | L57: 0 | M57: =L57*J57 -> 0
A58: 1.75 ltr | B58: Mazza | C58: 95 | D58: 13 | F58: =E58*H58 -> 0 | G58: =D58+E58 -> 13 | H58: 1042.9 | I58: =H58*D58 -> 13557.7 | J58: 1105 | K58: =J58*D58 -> 14365 | L58: 0 | M58: =L58*J58 -> 0
A59: 2 ltr | B59: Kinley Water | C59: 28 | D59: 40 | F59: =E59*H59 -> 0 | G59: =D59+E59 -> 40 | H59: 165.06 | I59: =H59*D59 -> 6602.4 | J59: 180 | K59: =J59*D59 -> 7200 | L59: 0 | M59: =L59*J59 -> 0
A60: 1.5 ltr PET | B60: Thums up | C60: 70 | F60: =E60*H60 -> 0 | G60: =D60+E60 -> 0 | H60: 721.25 | I60: =H60*D60 -> 0 | J60: 771 | K60: =J60*D60 -> 0 | L60: 0 | M60: =L60*J60 -> 0
A61: 1.5 ltr PET | B61: Sprite | C61: 70 | F61: =E61*H61 -> 0 | G61: =D61+E61 -> 0 | H61: 721.25 | I61: =H61*D61 -> 0 | J61: 771 | K61: =J61*D61 -> 0 | L61: 0 | M61: =L61*J61 -> 0
A62: 2.25 Ltr PET | B62: Thums up | C62: 100 | D62: 215 | F62: =E62*H62 -> 0 | G62: =D62+E62 -> 215 | H62: 790.89 | I62: =H62*D62 -> 170041.35 | J62: 845 | K62: =J62*D62 -> 181675 | L62: 0 | M62: =L62*J62 -> 0
A63: 2.25 Ltr PET | B63: Sprite | C63: 100 | D63: 184 | F63: =E63*H63 -> 0 | G63: =D63+E63 -> 184 | H63: 790.89 | I63: =H63*D63 -> 145523.76 | J63: 845 | K63: =J63*D63 -> 155480 | L63: 0 | M63: =L63*J63 -> 0
A64: 2.25 Ltr PET | B64: Limca | C64: 100 | F64: =E64*H64 -> 0 | G64: =D64+E64 -> 0 | H64: 790.89 | I64: =H64*D64 -> 0 | J64: 845 | K64: =J64*D64 -> 0 | L64: 0 | M64: =L64*J64 -> 0
A65: 2.25 Ltr PET | B65: Fanta | C65: 100 | F65: =E65*H65 -> 0 | G65: =D65+E65 -> 0 | H65: 790.89 | I65: =H65*D65 -> 0 | J65: 845 | K65: =J65*D65 -> 0 | L65: 0 | M65: =L65*J65 -> 0
A66: 2.25 Ltr PET | B66: Coke | C66: 100 | F66: =E66*H66 -> 0 | G66: =D66+E66 -> 0 | H66: 790.89 | I66: =H66*D66 -> 0 | J66: 845 | K66: =J66*D66 -> 0 | L66: 0 | M66: =L66*J66 -> 0
A67: Total Cases & Amount | D67: =SUM(D2:D66) -> 4607 | E67: =SUM(E2:E66) -> 0 | F67: =SUM(F2:F66) -> 0 | G67: =SUM(G2:G66) -> 4607 | I67: =SUM(I2:I66) -> 1700973.2 | J67: =SUM(J2:J66) -> 39088 | K67: =SUM(K2:K66) -> 1820284 | L67: =SUM(L2:L66) -> 0 | M67: =SUM(M2:M66) -> 0

Sheet 5
A1: Pack | B1: Flavour | C1: MRP | D1: Stock PC | E1: Recived pc | F1: Recived invoice | G1: Total PC | H1: Invoce cost | I1: Amount | J1: sale price | K1: Amount | L1: SALE Pc | M1: SALE Amount
A2: 150 ml Tetra | B2: Mazza | C2: 9 | D2: 492 | F2: =E2*H2 -> 0 | G2: =D2+E2 -> 492 | H2: 308.13 | I2: =H2*D2 -> 151599.96 | J2: 326 | K2: =J2*D2 -> 160392 | L2: =G2-'6'!D2 -> 11 | M2: =L2*J2 -> 3586
A3: 150 ml Tetra | B3: MM Apple | C3: 9 | D3: 67 | F3: =E3*H3 -> 0 | G3: =D3+E3 -> 67 | H3: 308.19 | I3: =H3*D3 -> 20648.73 | J3: 326 | K3: =J3*D3 -> 21842 | L3: =G3-'6'!D3 -> 1 | M3: =L3*J3 -> 326
A4: 150 ml Tetra | B4: MM LMN Fresh | C4: 9 | F4: =E4*H4 -> 0 | G4: =D4+E4 -> 0 | H4: 308.19 | I4: =H4*D4 -> 0 | J4: 326 | K4: =J4*D4 -> 0 | L4: =G4-'6'!D4 -> 0 | M4: =L4*J4 -> 0
A5: 200 ml RGB | B5: Thums up | C5: 10 | D5: 206 | F5: =E5*H5 -> 0 | G5: =D5+E5 -> 206 | H5: 174.77 | I5: =H5*D5 -> 36002.62 | J5: 192 | K5: =J5*D5 -> 39552 | L5: =G5-'6'!D5 -> 22 | M5: =L5*J5 -> 4224
A6: 200 ml RGB | B6: Sprite | C6: 10 | D6: 206 | F6: =E6*H6 -> 0 | G6: =D6+E6 -> 206 | H6: 174.77 | I6: =H6*D6 -> 36002.62 | J6: 192 | K6: =J6*D6 -> 39552 | L6: =G6-'6'!D6 -> 14 | M6: =L6*J6 -> 2688
A7: 200 ml RGB | B7: Limca | C7: 10 | D7: 57 | F7: =E7*H7 -> 0 | G7: =D7+E7 -> 57 | H7: 174.77 | I7: =H7*D7 -> 9961.89 | J7: 192 | K7: =J7*D7 -> 10944 | L7: =G7-'6'!D7 -> 5 | M7: =L7*J7 -> 960
A8: 200 ml RGB | B8: Fanta | C8: 10 | D8: 93 | F8: =E8*H8 -> 0 | G8: =D8+E8 -> 93 | H8: 174.77 | I8: =H8*D8 -> 16253.61 | J8: 192 | K8: =J8*D8 -> 17856 | L8: =G8-'6'!D8 -> 10 | M8: =L8*J8 -> 1920
A9: 200 ml RGB | B9: Coke | C9: 10 | D9: 200 | F9: =E9*H9 -> 0 | G9: =D9+E9 -> 200 | H9: 174.77 | I9: =H9*D9 -> 34954 | J9: 192 | K9: =J9*D9 -> 38400 | L9: =G9-'6'!D9 -> 20 | M9: =L9*J9 -> 3840
A10: 200 ml RGB | B10: Mazza | C10: 14 | F10: =E10*H10 -> 0 | G10: =D10+E10 -> 0 | H10: 259.54 | I10: =H10*D10 -> 0 | J10: 282 | K10: =J10*D10 -> 0 | L10: =G10-'6'!D10 -> 0 | M10: =L10*J10 -> 0
A11: 250 ml PET | B11: Thums up Charge | C11: 20 | D11: 39 | F11: =E11*H11 -> 0 | G11: =D11+E11 -> 39 | H11: 470.8 | I11: =H11*D11 -> 18361.2 | J11: 505 | K11: =J11*D11 -> 19695 | L11: =G11-'6'!D11 -> 2 | M11: =L11*J11 -> 1010
A12: 250 ml PET | B12: Thums up | C12: 20 | D12: 484 | F12: =E12*H12 -> 0 | G12: =D12+E12 -> 484 | H12: 475.77 | I12: =H12*D12 -> 230272.68 | J12: 505 | K12: =J12*D12 -> 244420 | L12: =G12-'6'!D12 -> 71 | M12: =L12*J12 -> 35855
A13: 250 ml PET | B13: Sprite | C13: 20 | D13: 317 | F13: =E13*H13 -> 0 | G13: =D13+E13 -> 317 | H13: 475.77 | I13: =H13*D13 -> 150819.09 | J13: 505 | K13: =J13*D13 -> 160085 | L13: =G13-'6'!D13 -> 39 | M13: =L13*J13 -> 19695
A14: 250 ml PET | B14: Limca | C14: 20 | D14: 54 | F14: =E14*H14 -> 0 | G14: =D14+E14 -> 54 | H14: 470.8 | I14: =H14*D14 -> 25423.2 | J14: 505 | K14: =J14*D14 -> 27270 | L14: =G14-'6'!D14 -> 8 | M14: =L14*J14 -> 4040
A15: 250 ml PET | B15: Fanta | C15: 20 | D15: 49 | F15: =E15*H15 -> 0 | G15: =D15+E15 -> 49 | H15: 470.8 | I15: =H15*D15 -> 23069.2 | J15: 505 | K15: =J15*D15 -> 24745 | L15: =G15-'6'!D15 -> 2 | M15: =L15*J15 -> 1010
A16: 250 ml PET | B16: Coke | C16: 20 | F16: =E16*H16 -> 0 | G16: =D16+E16 -> 0 | H16: 470.8 | I16: =H16*D16 -> 0 | J16: 505 | K16: =J16*D16 -> 0 | L16: =G16-'6'!D16 -> 0 | M16: =L16*J16 -> 0
A17: 250 ml PET | B17: Kinley Soda | C17: 11 | D17: 87 | F17: =E17*H17 -> 0 | G17: =D17+E17 -> 87 | H17: 235.59 | I17: =H17*D17 -> 20496.33 | J17: 250 | K17: =J17*D17 -> 21750 | L17: =G17-'6'!D17 -> 7 | M17: =L17*J17 -> 1750
A18: 250 ml PET | B18: RimZim Fiz | C18: 20 | F18: =E18*H18 -> 0 | G18: =D18+E18 -> 0 | H18: 470.8 | I18: =H18*D18 -> 0 | J18: 500 | K18: =J18*D18 -> 0 | L18: =G18-'6'!D18 -> 0 | M18: =L18*J18 -> 0
A19: 250 ml PET | B19: Zero Thums up | C19: 10 | F19: =E19*H19 -> 0 | G19: =D19+E19 -> 0 | H19: 204 | I19: =H19*D19 -> 0 | J19: 230 | K19: =J19*D19 -> 0 | L19: =G19-'6'!D19 -> 0 | M19: =L19*J19 -> 0
A20: 250 ml PET | B20: Zero Sprite | C20: 10 | F20: =E20*H20 -> 0 | G20: =D20+E20 -> 0 | H20: 204 | I20: =H20*D20 -> 0 | J20: 230 | K20: =J20*D20 -> 0 | L20: =G20-'6'!D20 -> 0 | M20: =L20*J20 -> 0
A21: 250 ml PET | B21: Zero Coke | C21: 10 | D21: 30 | F21: =E21*H21 -> 0 | G21: =D21+E21 -> 30 | H21: 204 | I21: =H21*D21 -> 6120 | J21: 230 | K21: =J21*D21 -> 6900 | L21: =G21-'6'!D21 -> 1 | M21: =L21*J21 -> 230
A22: 250 ml PET | B22: Mazza | C22: 19 | D22: 77 | F22: =E22*H22 -> 0 | G22: =D22+E22 -> 77 | H22: 474.46 | I22: =H22*D22 -> 36533.42 | J22: 505 | K22: =J22*D22 -> 38885 | L22: =G22-'6'!D22 -> 26 | M22: =L22*J22 -> 13130
A23: 250 ml PET | B23: MM Pulpy orange | C23: 24 | D23: 67 | F23: =E23*H23 -> 0 | G23: =D23+E23 -> 67 | H23: 593.92 | I23: =H23*D23 -> 39792.64 | J23: 630 | K23: =J23*D23 -> 42210 | L23: =G23-'6'!D23 -> 18 | M23: =L23*J23 -> 11340
A24: 300 ml RGB | B24: Thums up | C24: 25 | D24: 63 | F24: =E24*H24 -> 0 | G24: =D24+E24 -> 63 | H24: 453.3 | I24: =H24*D24 -> 28557.9 | J24: 493 | K24: =J24*D24 -> 31059 | L24: =G24-'6'!D24 -> 0 | M24: =L24*J24 -> 0
A25: 300 ml RGB | B25: Sprite | C25: 25 | D25: 54 | F25: =E25*H25 -> 0 | G25: =D25+E25 -> 54 | H25: 453.3 | I25: =H25*D25 -> 24478.2 | J25: 493 | K25: =J25*D25 -> 26622 | L25: =G25-'6'!D25 -> 0 | M25: =L25*J25 -> 0
A26: 300 ml RGB | B26: Fanta | C26: 25 | F26: =E26*H26 -> 0 | G26: =D26+E26 -> 0 | H26: 453.3 | I26: =H26*D26 -> 0 | J26: 493 | K26: =J26*D26 -> 0 | L26: =G26-'6'!D26 -> 0 | M26: =L26*J26 -> 0
A27: 300 ml RGB | B27: Coke | C27: 25 | F27: =E27*H27 -> 0 | G27: =D27+E27 -> 0 | H27: 453.3 | I27: =H27*D27 -> 0 | J27: 493 | K27: =J27*D27 -> 0 | L27: =G27-'6'!D27 -> 0 | M27: =L27*J27 -> 0
A28: 300 ml CAN | B28: Thums up | C28: 40 | F28: =E28*H28 -> 0 | G28: =D28+E28 -> 0 | H28: 821.36 | I28: =H28*D28 -> 0 | J28: 878 | K28: =J28*D28 -> 0 | L28: =G28-'6'!D28 -> 0 | M28: =L28*J28 -> 0
A29: 300 ml CAN | B29: Sprite | C29: 40 | F29: =E29*H29 -> 0 | G29: =D29+E29 -> 0 | H29: 821.36 | I29: =H29*D29 -> 0 | J29: 878 | K29: =J29*D29 -> 0 | L29: =G29-'6'!D29 -> 0 | M29: =L29*J29 -> 0
A30: 300 ml CAN | B30: Limca | C30: 40 | F30: =E30*H30 -> 0 | G30: =D30+E30 -> 0 | H30: 817.58 | I30: =H30*D30 -> 0 | J30: 878 | K30: =J30*D30 -> 0 | L30: =G30-'6'!D30 -> 0 | M30: =L30*J30 -> 0
A31: 300 ml CAN | B31: Fanta | C31: 40 | F31: =E31*H31 -> 0 | G31: =D31+E31 -> 0 | H31: 817.58 | I31: =H31*D31 -> 0 | J31: 878 | K31: =J31*D31 -> 0 | L31: =G31-'6'!D31 -> 0 | M31: =L31*J31 -> 0
A32: 300 ml CAN | B32: Coke | C32: 40 | F32: =E32*H32 -> 0 | G32: =D32+E32 -> 0 | H32: 817.58 | I32: =H32*D32 -> 0 | J32: 878 | K32: =J32*D32 -> 0 | L32: =G32-'6'!D32 -> 0 | M32: =L32*J32 -> 0
A33: 300 ml CAN | B33: D'Coke | C33: 40 | F33: =E33*H33 -> 0 | G33: =D33+E33 -> 0 | H33: 817.58 | I33: =H33*D33 -> 0 | J33: 878 | K33: =J33*D33 -> 0 | L33: =G33-'6'!D33 -> 0 | M33: =L33*J33 -> 0
A34: 300 ml CAN | B34: Predator | C34: 60 | D34: 46 | F34: =E34*H34 -> 0 | G34: =D34+E34 -> 46 | H34: 1042.65 | I34: =H34*D34 -> 47961.9 | J34: 1110 | K34: =J34*D34 -> 51060 | L34: =G34-'6'!D34 -> 16 | M34: =L34*J34 -> 17760
A35: 300 ml | B35: Kinley Water | C35: 7 | D35: 15 | F35: =E35*H35 -> 0 | G35: =D35+E35 -> 15 | H35: 126.24 | I35: =H35*D35 -> 1893.6 | J35: 140 | K35: =J35*D35 -> 2100 | L35: =G35-'6'!D35 -> 0 | M35: =L35*J35 -> 0
A36: 350 ml CAN | B36: Monster | C36: 125 | D36: 21 | F36: =E36*H36 -> 0 | G36: =D36+E36 -> 21 | H36: 2050.54 | I36: =H36*D36 -> 43061.34 | J36: 2175 | K36: =J36*D36 -> 45675 | L36: =G36-'6'!D36 -> 5 | M36: =L36*J36 -> 10875
A37: 400 ml csd | B37: Thums up | C37: 20 | D37: 2 | F37: =E37*H37 -> 0 | G37: =D37+E37 -> 2 | H37: 399.19 | I37: =H37*D37 -> 798.38 | J37: 420 | K37: =J37*D37 -> 840 | L37: =G37-'6'!D37 -> 0 | M37: =L37*J37 -> 0
A38: 400 ml csd | B38: Sprite | C38: 20 | F38: =E38*H38 -> 0 | G38: =D38+E38 -> 0 | H38: 399.19 | I38: =H38*D38 -> 0 | J38: 420 | K38: =J38*D38 -> 0 | L38: =G38-'6'!D38 -> 0 | M38: =L38*J38 -> 0
A39: 400 ml csd | B39: Coke | C39: 20 | F39: =E39*H39 -> 0 | G39: =D39+E39 -> 0 | H39: 399.19 | I39: =H39*D39 -> 0 | J39: 420 | K39: =J39*D39 -> 0 | L39: =G39-'6'!D39 -> 0 | M39: =L39*J39 -> 0
A40: 500 ml | B40: Kinley Water | C40: 9 | D40: 73 | F40: =E40*H40 -> 0 | G40: =D40+E40 -> 73 | H40: 174.19 | I40: =H40*D40 -> 12715.87 | J40: 185 | K40: =J40*D40 -> 13505 | L40: =G40-'6'!D40 -> 0 | M40: =L40*J40 -> 0
A41: 600 ml PET | B41: Mazza | C41: 35 | D41: 31 | F41: =E41*H41 -> 0 | G41: =D41+E41 -> 31 | H41: 748.13 | I41: =H41*D41 -> 23192.03 | J41: 795 | K41: =J41*D41 -> 24645 | L41: =G41-'6'!D41 -> 2 | M41: =L41*J41 -> 1590
A42: 740 ml | B42: Thums up | C42: 40 | D42: 27 | F42: =E42*H42 -> 0 | G42: =D42+E42 -> 27 | H42: 842.86 | I42: =H42*D42 -> 22757.22 | J42: 900 | K42: =J42*D42 -> 24300 | L42: =G42-'6'!D42 -> 7 | M42: =L42*J42 -> 6300
A43: 740 ml | B43: Sprite | C43: 40 | D43: 33 | F43: =E43*H43 -> 0 | G43: =D43+E43 -> 33 | H43: 842.86 | I43: =H43*D43 -> 27814.38 | J43: 900 | K43: =J43*D43 -> 29700 | L43: =G43-'6'!D43 -> 2 | M43: =L43*J43 -> 1800
A44: 740 ml | B44: Limca | C44: 40 | F44: =E44*H44 -> 0 | G44: =D44+E44 -> 0 | H44: 839.68 | I44: =H44*D44 -> 0 | J44: 900 | K44: =J44*D44 -> 0 | L44: =G44-'6'!D44 -> 0 | M44: =L44*J44 -> 0
A45: 740 ml | B45: Fanta | C45: 40 | F45: =E45*H45 -> 0 | G45: =D45+E45 -> 0 | H45: 839.68 | I45: =H45*D45 -> 0 | J45: 900 | K45: =J45*D45 -> 0 | L45: =G45-'6'!D45 -> 0 | M45: =L45*J45 -> 0
A46: 740 ml | B46: Coke | C46: 40 | F46: =E46*H46 -> 0 | G46: =D46+E46 -> 0 | H46: 839.68 | I46: =H46*D46 -> 0 | J46: 900 | K46: =J46*D46 -> 0 | L46: =G46-'6'!D46 -> 0 | M46: =L46*J46 -> 0
A47: 750 ml | B47: Kinley Soda | C47: 18 | D47: 44 | F47: =E47*H47 -> 0 | G47: =D47+E47 -> 44 | H47: 375.68 | I47: =H47*D47 -> 16529.92 | J47: 400 | K47: =J47*D47 -> 17600 | L47: =G47-'6'!D47 -> 6 | M47: =L47*J47 -> 2400
A48: 850 ml | B48: MM Pulpy orange | C48: 50 | D48: 72 | F48: =E48*H48 -> 0 | G48: =D48+E48 -> 72 | H48: 670.32 | I48: =H48*D48 -> 48263.04 | J48: 710 | K48: =J48*D48 -> 51120 | L48: =G48-'6'!D48 -> 12 | M48: =L48*J48 -> 8520
A49: 1 ltr PET | B49: Thums up | C49: 50 | D49: 13 | F49: =E49*H49 -> 0 | G49: =D49+E49 -> 13 | H49: 661.22 | I49: =H49*D49 -> 8595.86 | J49: 710 | K49: =J49*D49 -> 9230 | L49: =G49-'6'!D49 -> 12 | M49: =L49*J49 -> 8520
A50: 1 ltr PET | B50: Sprite | C50: 50 | D50: 11 | F50: =E50*H50 -> 0 | G50: =D50+E50 -> 11 | H50: 661.22 | I50: =H50*D50 -> 7273.42 | J50: 710 | K50: =J50*D50 -> 7810 | L50: =G50-'6'!D50 -> 7 | M50: =L50*J50 -> 4970
A51: 1 ltr PET | B51: Limca | C51: 50 | F51: =E51*H51 -> 0 | G51: =D51+E51 -> 0 | H51: 661.22 | I51: =H51*D51 -> 0 | J51: 710 | K51: =J51*D51 -> 0 | L51: =G51-'6'!D51 -> 0 | M51: =L51*J51 -> 0
A52: 1 ltr PET | B52: Fanta | C52: 50 | F52: =E52*H52 -> 0 | G52: =D52+E52 -> 0 | H52: 661.22 | I52: =H52*D52 -> 0 | J52: 710 | K52: =J52*D52 -> 0 | L52: =G52-'6'!D52 -> 0 | M52: =L52*J52 -> 0
A53: 1 ltr PET | B53: Coke | C53: 50 | F53: =E53*H53 -> 0 | G53: =D53+E53 -> 0 | H53: 661.22 | I53: =H53*D53 -> 0 | J53: 710 | K53: =J53*D53 -> 0 | L53: =G53-'6'!D53 -> 0 | M53: =L53*J53 -> 0
A54: 1 ltr PET | B54: MM Pulpy orange | C54: 85 | D54: 3 | F54: =E54*H54 -> 0 | G54: =D54+E54 -> 3 | H54: 797.07 | I54: =H54*D54 -> 2391.21 | J54: 845 | K54: =J54*D54 -> 2535 | L54: =G54-'6'!D54 -> 0 | M54: =L54*J54 -> 0
A55: 1 ltr | B55: Kinley Water | C55: 18 | D55: 1101 | F55: =E55*H55 -> 0 | G55: =D55+E55 -> 1101 | H55: 160.77 | I55: =H55*D55 -> 177007.77 | J55: 175 | K55: =J55*D55 -> 192675 | L55: =G55-'6'!D55 -> 56 | M55: =L55*J55 -> 9800
A56: 1.2 ltr | B56: Mazza | C56: 70 | D56: 21 | F56: =E56*H56 -> 0 | G56: =D56+E56 -> 21 | H56: 744.99 | I56: =H56*D56 -> 15644.79 | J56: 790 | K56: =J56*D56 -> 16590 | L56: =G56-'6'!D56 -> 0 | M56: =L56*J56 -> 0
A57: 1.25 Ltr PET | B57: Kinley Soda | C57: 30 | F57: =E57*H57 -> 0 | G57: =D57+E57 -> 0 | H57: 316.15 | I57: =H57*D57 -> 0 | J57: 336 | K57: =J57*D57 -> 0 | L57: =G57-'6'!D57 -> 0 | M57: =L57*J57 -> 0
A58: 1.75 ltr | B58: Mazza | C58: 95 | D58: 13 | F58: =E58*H58 -> 0 | G58: =D58+E58 -> 13 | H58: 1042.9 | I58: =H58*D58 -> 13557.7 | J58: 1105 | K58: =J58*D58 -> 14365 | L58: =G58-'6'!D58 -> 2 | M58: =L58*J58 -> 2210
A59: 2 ltr | B59: Kinley Water | C59: 28 | D59: 40 | F59: =E59*H59 -> 0 | G59: =D59+E59 -> 40 | H59: 165.06 | I59: =H59*D59 -> 6602.4 | J59: 180 | K59: =J59*D59 -> 7200 | L59: =G59-'6'!D59 -> 7 | M59: =L59*J59 -> 1260
A60: 1.5 ltr PET | B60: Thums up | C60: 70 | F60: =E60*H60 -> 0 | G60: =D60+E60 -> 0 | H60: 721.25 | I60: =H60*D60 -> 0 | J60: 771 | K60: =J60*D60 -> 0 | L60: =G60-'6'!D60 -> 0 | M60: =L60*J60 -> 0
A61: 1.5 ltr PET | B61: Sprite | C61: 70 | F61: =E61*H61 -> 0 | G61: =D61+E61 -> 0 | H61: 721.25 | I61: =H61*D61 -> 0 | J61: 771 | K61: =J61*D61 -> 0 | L61: =G61-'6'!D61 -> 0 | M61: =L61*J61 -> 0
A62: 2.25 Ltr PET | B62: Thums up | C62: 100 | D62: 215 | F62: =E62*H62 -> 0 | G62: =D62+E62 -> 215 | H62: 790.89 | I62: =H62*D62 -> 170041.35 | J62: 845 | K62: =J62*D62 -> 181675 | L62: =G62-'6'!D62 -> 36 | M62: =L62*J62 -> 30420
A63: 2.25 Ltr PET | B63: Sprite | C63: 100 | D63: 184 | F63: =E63*H63 -> 0 | G63: =D63+E63 -> 184 | H63: 790.89 | I63: =H63*D63 -> 145523.76 | J63: 845 | K63: =J63*D63 -> 155480 | L63: =G63-'6'!D63 -> 24 | M63: =L63*J63 -> 20280
A64: 2.25 Ltr PET | B64: Limca | C64: 100 | F64: =E64*H64 -> 0 | G64: =D64+E64 -> 0 | H64: 790.89 | I64: =H64*D64 -> 0 | J64: 845 | K64: =J64*D64 -> 0 | L64: =G64-'6'!D64 -> 0 | M64: =L64*J64 -> 0
A65: 2.25 Ltr PET | B65: Fanta | C65: 100 | F65: =E65*H65 -> 0 | G65: =D65+E65 -> 0 | H65: 790.89 | I65: =H65*D65 -> 0 | J65: 845 | K65: =J65*D65 -> 0 | L65: =G65-'6'!D65 -> 0 | M65: =L65*J65 -> 0
A66: 2.25 Ltr PET | B66: Coke | C66: 100 | F66: =E66*H66 -> 0 | G66: =D66+E66 -> 0 | H66: 790.89 | I66: =H66*D66 -> 0 | J66: 845 | K66: =J66*D66 -> 0 | L66: =G66-'6'!D66 -> 0 | M66: =L66*J66 -> 0
A67: Total Cases & Amount | D67: =SUM(D2:D66) -> 4607 | E67: =SUM(E2:E66) -> 0 | F67: =SUM(F2:F66) -> 0 | G67: =SUM(G2:G66) -> 4607 | I67: =SUM(I2:I66) -> 1700973.2 | J67: =SUM(J2:J66) -> 39088 | K67: =SUM(K2:K66) -> 1820284 | L67: =SUM(L2:L66) -> 451 | M67: =SUM(M2:M66) -> 232309

Sheet 6
A1: Pack | B1: Flavour | C1: MRP | D1: Stock PC | E1: Recived pc | F1: Recived invoice | G1: Total PC | H1: Invoce cost | I1: Amount | J1: sale price | K1: Amount | L1: SALE Pc | M1: SALE Amount
A2: 150 ml Tetra | B2: Mazza | C2: 9 | D2: 481 | F2: =E2*H2 -> 0 | G2: =D2+E2 -> 481 | H2: 308.13 | I2: =H2*D2 -> 148210.53 | J2: 326 | K2: =J2*D2 -> 156806 | L2: =G2-'7'!D2 -> 17 | M2: =L2*J2 -> 5542
A3: 150 ml Tetra | B3: MM Apple | C3: 9 | D3: 66 | F3: =E3*H3 -> 0 | G3: =D3+E3 -> 66 | H3: 308.19 | I3: =H3*D3 -> 20340.54 | J3: 326 | K3: =J3*D3 -> 21516 | L3: =G3-'7'!D3 -> 4 | M3: =L3*J3 -> 1304
A4: 150 ml Tetra | B4: MM LMN Fresh | C4: 9 | F4: =E4*H4 -> 0 | G4: =D4+E4 -> 0 | H4: 308.19 | I4: =H4*D4 -> 0 | J4: 326 | K4: =J4*D4 -> 0 | L4: =G4-'7'!D4 -> 0 | M4: =L4*J4 -> 0
A5: 200 ml RGB | B5: Thums up | C5: 10 | D5: 184 | F5: =E5*H5 -> 0 | G5: =D5+E5 -> 184 | H5: 174.77 | I5: =H5*D5 -> 32157.68 | J5: 192 | K5: =J5*D5 -> 35328 | L5: =G5-'7'!D5 -> 19 | M5: =L5*J5 -> 3648
A6: 200 ml RGB | B6: Sprite | C6: 10 | D6: 192 | F6: =E6*H6 -> 0 | G6: =D6+E6 -> 192 | H6: 174.77 | I6: =H6*D6 -> 33555.84 | J6: 192 | K6: =J6*D6 -> 36864 | L6: =G6-'7'!D6 -> 12 | M6: =L6*J6 -> 2304
A7: 200 ml RGB | B7: Limca | C7: 10 | D7: 52 | F7: =E7*H7 -> 0 | G7: =D7+E7 -> 52 | H7: 174.77 | I7: =H7*D7 -> 9088.04 | J7: 192 | K7: =J7*D7 -> 9984 | L7: =G7-'7'!D7 -> 4 | M7: =L7*J7 -> 768
A8: 200 ml RGB | B8: Fanta | C8: 10 | D8: 83 | F8: =E8*H8 -> 0 | G8: =D8+E8 -> 83 | H8: 174.77 | I8: =H8*D8 -> 14505.91 | J8: 192 | K8: =J8*D8 -> 15936 | L8: =G8-'7'!D8 -> 10 | M8: =L8*J8 -> 1920
A9: 200 ml RGB | B9: Coke | C9: 10 | D9: 180 | F9: =E9*H9 -> 0 | G9: =D9+E9 -> 180 | H9: 174.77 | I9: =H9*D9 -> 31458.6 | J9: 192 | K9: =J9*D9 -> 34560 | L9: =G9-'7'!D9 -> 11 | M9: =L9*J9 -> 2112
A10: 200 ml RGB | B10: Mazza | C10: 14 | F10: =E10*H10 -> 0 | G10: =D10+E10 -> 0 | H10: 259.54 | I10: =H10*D10 -> 0 | J10: 282 | K10: =J10*D10 -> 0 | L10: =G10-'7'!D10 -> 0 | M10: =L10*J10 -> 0
A11: 250 ml PET | B11: Thums up Charge | C11: 20 | D11: 37 | F11: =E11*H11 -> 0 | G11: =D11+E11 -> 37 | H11: 470.8 | I11: =H11*D11 -> 17419.6 | J11: 505 | K11: =J11*D11 -> 18685 | L11: =G11-'7'!D11 -> 2 | M11: =L11*J11 -> 1010
A12: 250 ml PET | B12: Thums up | C12: 20 | D12: 413 | F12: =E12*H12 -> 0 | G12: =D12+E12 -> 413 | H12: 475.77 | I12: =H12*D12 -> 196493.01 | J12: 505 | K12: =J12*D12 -> 208565 | L12: =G12-'7'!D12 -> 56 | M12: =L12*J12 -> 28280
A13: 250 ml PET | B13: Sprite | C13: 20 | D13: 278 | F13: =E13*H13 -> 0 | G13: =D13+E13 -> 278 | H13: 475.77 | I13: =H13*D13 -> 132264.06 | J13: 505 | K13: =J13*D13 -> 140390 | L13: =G13-'7'!D13 -> 26 | M13: =L13*J13 -> 13130
A14: 250 ml PET | B14: Limca | C14: 20 | D14: 46 | F14: =E14*H14 -> 0 | G14: =D14+E14 -> 46 | H14: 470.8 | I14: =H14*D14 -> 21656.8 | J14: 505 | K14: =J14*D14 -> 23230 | L14: =G14-'7'!D14 -> 7 | M14: =L14*J14 -> 3535
A15: 250 ml PET | B15: Fanta | C15: 20 | D15: 47 | F15: =E15*H15 -> 0 | G15: =D15+E15 -> 47 | H15: 470.8 | I15: =H15*D15 -> 22127.6 | J15: 505 | K15: =J15*D15 -> 23735 | L15: =G15-'7'!D15 -> 4 | M15: =L15*J15 -> 2020
A16: 250 ml PET | B16: Coke | C16: 20 | F16: =E16*H16 -> 0 | G16: =D16+E16 -> 0 | H16: 470.8 | I16: =H16*D16 -> 0 | J16: 505 | K16: =J16*D16 -> 0 | L16: =G16-'7'!D16 -> 0 | M16: =L16*J16 -> 0
A17: 250 ml PET | B17: Kinley Soda | C17: 11 | D17: 80 | F17: =E17*H17 -> 0 | G17: =D17+E17 -> 80 | H17: 235.59 | I17: =H17*D17 -> 18847.2 | J17: 250 | K17: =J17*D17 -> 20000 | L17: =G17-'7'!D17 -> 4 | M17: =L17*J17 -> 1000
A18: 250 ml PET | B18: RimZim Fiz | C18: 20 | F18: =E18*H18 -> 0 | G18: =D18+E18 -> 0 | H18: 470.8 | I18: =H18*D18 -> 0 | J18: 500 | K18: =J18*D18 -> 0 | L18: =G18-'7'!D18 -> 0 | M18: =L18*J18 -> 0
A19: 250 ml PET | B19: Zero Thums up | C19: 10 | F19: =E19*H19 -> 0 | G19: =D19+E19 -> 0 | H19: 204 | I19: =H19*D19 -> 0 | J19: 230 | K19: =J19*D19 -> 0 | L19: =G19-'7'!D19 -> 0 | M19: =L19*J19 -> 0
A20: 250 ml PET | B20: Zero Sprite | C20: 10 | F20: =E20*H20 -> 0 | G20: =D20+E20 -> 0 | H20: 204 | I20: =H20*D20 -> 0 | J20: 230 | K20: =J20*D20 -> 0 | L20: =G20-'7'!D20 -> 0 | M20: =L20*J20 -> 0
A21: 250 ml PET | B21: Zero Coke | C21: 10 | D21: 29 | F21: =E21*H21 -> 0 | G21: =D21+E21 -> 29 | H21: 204 | I21: =H21*D21 -> 5916 | J21: 230 | K21: =J21*D21 -> 6670 | L21: =G21-'7'!D21 -> 1 | M21: =L21*J21 -> 230
A22: 250 ml PET | B22: Mazza | C22: 19 | D22: 51 | F22: =E22*H22 -> 0 | G22: =D22+E22 -> 51 | H22: 474.46 | I22: =H22*D22 -> 24197.46 | J22: 505 | K22: =J22*D22 -> 25755 | L22: =G22-'7'!D22 -> 21 | M22: =L22*J22 -> 10605
A23: 250 ml PET | B23: MM Pulpy orange | C23: 24 | D23: 49 | F23: =E23*H23 -> 0 | G23: =D23+E23 -> 49 | H23: 593.92 | I23: =H23*D23 -> 29102.08 | J23: 630 | K23: =J23*D23 -> 30870 | L23: =G23-'7'!D23 -> 14 | M23: =L23*J23 -> 8820
A24: 300 ml RGB | B24: Thums up | C24: 25 | D24: 63 | F24: =E24*H24 -> 0 | G24: =D24+E24 -> 63 | H24: 453.3 | I24: =H24*D24 -> 28557.9 | J24: 493 | K24: =J24*D24 -> 31059 | L24: =G24-'7'!D24 -> 0 | M24: =L24*J24 -> 0
A25: 300 ml RGB | B25: Sprite | C25: 25 | D25: 54 | F25: =E25*H25 -> 0 | G25: =D25+E25 -> 54 | H25: 453.3 | I25: =H25*D25 -> 24478.2 | J25: 493 | K25: =J25*D25 -> 26622 | L25: =G25-'7'!D25 -> 0 | M25: =L25*J25 -> 0
A26: 300 ml RGB | B26: Fanta | C26: 25 | F26: =E26*H26 -> 0 | G26: =D26+E26 -> 0 | H26: 453.3 | I26: =H26*D26 -> 0 | J26: 493 | K26: =J26*D26 -> 0 | L26: =G26-'7'!D26 -> 0 | M26: =L26*J26 -> 0
A27: 300 ml RGB | B27: Coke | C27: 25 | F27: =E27*H27 -> 0 | G27: =D27+E27 -> 0 | H27: 453.3 | I27: =H27*D27 -> 0 | J27: 493 | K27: =J27*D27 -> 0 | L27: =G27-'7'!D27 -> 0 | M27: =L27*J27 -> 0
A28: 300 ml CAN | B28: Thums up | C28: 40 | F28: =E28*H28 -> 0 | G28: =D28+E28 -> 0 | H28: 821.36 | I28: =H28*D28 -> 0 | J28: 878 | K28: =J28*D28 -> 0 | L28: =G28-'7'!D28 -> 0 | M28: =L28*J28 -> 0
A29: 300 ml CAN | B29: Sprite | C29: 40 | F29: =E29*H29 -> 0 | G29: =D29+E29 -> 0 | H29: 821.36 | I29: =H29*D29 -> 0 | J29: 878 | K29: =J29*D29 -> 0 | L29: =G29-'7'!D29 -> 0 | M29: =L29*J29 -> 0
A30: 300 ml CAN | B30: Limca | C30: 40 | F30: =E30*H30 -> 0 | G30: =D30+E30 -> 0 | H30: 817.58 | I30: =H30*D30 -> 0 | J30: 878 | K30: =J30*D30 -> 0 | L30: =G30-'7'!D30 -> 0 | M30: =L30*J30 -> 0
A31: 300 ml CAN | B31: Fanta | C31: 40 | F31: =E31*H31 -> 0 | G31: =D31+E31 -> 0 | H31: 817.58 | I31: =H31*D31 -> 0 | J31: 878 | K31: =J31*D31 -> 0 | L31: =G31-'7'!D31 -> 0 | M31: =L31*J31 -> 0
A32: 300 ml CAN | B32: Coke | C32: 40 | F32: =E32*H32 -> 0 | G32: =D32+E32 -> 0 | H32: 817.58 | I32: =H32*D32 -> 0 | J32: 878 | K32: =J32*D32 -> 0 | L32: =G32-'7'!D32 -> 0 | M32: =L32*J32 -> 0
A33: 300 ml CAN | B33: D'Coke | C33: 40 | F33: =E33*H33 -> 0 | G33: =D33+E33 -> 0 | H33: 817.58 | I33: =H33*D33 -> 0 | J33: 878 | K33: =J33*D33 -> 0 | L33: =G33-'7'!D33 -> 0 | M33: =L33*J33 -> 0
A34: 300 ml CAN | B34: Predator | C34: 60 | D34: 30 | F34: =E34*H34 -> 0 | G34: =D34+E34 -> 30 | H34: 1042.65 | I34: =H34*D34 -> 31279.5 | J34: 1110 | K34: =J34*D34 -> 33300 | L34: =G34-'7'!D34 -> 13 | M34: =L34*J34 -> 14430
A35: 300 ml | B35: Kinley Water | C35: 7 | D35: 15 | F35: =E35*H35 -> 0 | G35: =D35+E35 -> 15 | H35: 126.24 | I35: =H35*D35 -> 1893.6 | J35: 140 | K35: =J35*D35 -> 2100 | L35: =G35-'7'!D35 -> 4 | M35: =L35*J35 -> 560
A36: 350 ml CAN | B36: Monster | C36: 125 | D36: 16 | F36: =E36*H36 -> 0 | G36: =D36+E36 -> 16 | H36: 2050.54 | I36: =H36*D36 -> 32808.64 | J36: 2175 | K36: =J36*D36 -> 34800 | L36: =G36-'7'!D36 -> 4 | M36: =L36*J36 -> 8700
A37: 400 ml csd | B37: Thums up | C37: 20 | D37: 2 | F37: =E37*H37 -> 0 | G37: =D37+E37 -> 2 | H37: 399.19 | I37: =H37*D37 -> 798.38 | J37: 420 | K37: =J37*D37 -> 840 | L37: =G37-'7'!D37 -> 0 | M37: =L37*J37 -> 0
A38: 400 ml csd | B38: Sprite | C38: 20 | F38: =E38*H38 -> 0 | G38: =D38+E38 -> 0 | H38: 399.19 | I38: =H38*D38 -> 0 | J38: 420 | K38: =J38*D38 -> 0 | L38: =G38-'7'!D38 -> 0 | M38: =L38*J38 -> 0
A39: 400 ml csd | B39: Coke | C39: 20 | F39: =E39*H39 -> 0 | G39: =D39+E39 -> 0 | H39: 399.19 | I39: =H39*D39 -> 0 | J39: 420 | K39: =J39*D39 -> 0 | L39: =G39-'7'!D39 -> 0 | M39: =L39*J39 -> 0
A40: 500 ml | B40: Kinley Water | C40: 9 | D40: 73 | F40: =E40*H40 -> 0 | G40: =D40+E40 -> 73 | H40: 174.19 | I40: =H40*D40 -> 12715.87 | J40: 185 | K40: =J40*D40 -> 13505 | L40: =G40-'7'!D40 -> 0 | M40: =L40*J40 -> 0
A41: 600 ml PET | B41: Mazza | C41: 35 | D41: 29 | F41: =E41*H41 -> 0 | G41: =D41+E41 -> 29 | H41: 748.13 | I41: =H41*D41 -> 21695.77 | J41: 795 | K41: =J41*D41 -> 23055 | L41: =G41-'7'!D41 -> 2 | M41: =L41*J41 -> 1590
A42: 740 ml | B42: Thums up | C42: 40 | D42: 20 | F42: =E42*H42 -> 0 | G42: =D42+E42 -> 20 | H42: 842.86 | I42: =H42*D42 -> 16857.2 | J42: 900 | K42: =J42*D42 -> 18000 | L42: =G42-'7'!D42 -> 8 | M42: =L42*J42 -> 7200
A43: 740 ml | B43: Sprite | C43: 40 | D43: 31 | F43: =E43*H43 -> 0 | G43: =D43+E43 -> 31 | H43: 842.86 | I43: =H43*D43 -> 26128.66 | J43: 900 | K43: =J43*D43 -> 27900 | L43: =G43-'7'!D43 -> 4 | M43: =L43*J43 -> 3600
A44: 740 ml | B44: Limca | C44: 40 | F44: =E44*H44 -> 0 | G44: =D44+E44 -> 0 | H44: 839.68 | I44: =H44*D44 -> 0 | J44: 900 | K44: =J44*D44 -> 0 | L44: =G44-'7'!D44 -> 0 | M44: =L44*J44 -> 0
A45: 740 ml | B45: Fanta | C45: 40 | F45: =E45*H45 -> 0 | G45: =D45+E45 -> 0 | H45: 839.68 | I45: =H45*D45 -> 0 | J45: 900 | K45: =J45*D45 -> 0 | L45: =G45-'7'!D45 -> 0 | M45: =L45*J45 -> 0
A46: 740 ml | B46: Coke | C46: 40 | F46: =E46*H46 -> 0 | G46: =D46+E46 -> 0 | H46: 839.68 | I46: =H46*D46 -> 0 | J46: 900 | K46: =J46*D46 -> 0 | L46: =G46-'7'!D46 -> 0 | M46: =L46*J46 -> 0
A47: 750 ml | B47: Kinley Soda | C47: 18 | D47: 38 | F47: =E47*H47 -> 0 | G47: =D47+E47 -> 38 | H47: 375.68 | I47: =H47*D47 -> 14275.84 | J47: 400 | K47: =J47*D47 -> 15200 | L47: =G47-'7'!D47 -> 1 | M47: =L47*J47 -> 400
A48: 850 ml | B48: MM Pulpy orange | C48: 50 | D48: 60 | F48: =E48*H48 -> 0 | G48: =D48+E48 -> 60 | H48: 670.32 | I48: =H48*D48 -> 40219.2 | J48: 710 | K48: =J48*D48 -> 42600 | L48: =G48-'7'!D48 -> 12 | M48: =L48*J48 -> 8520
A49: 1 ltr PET | B49: Thums up | C49: 50 | D49: 1 | F49: =E49*H49 -> 0 | G49: =D49+E49 -> 1 | H49: 661.22 | I49: =H49*D49 -> 661.22 | J49: 710 | K49: =J49*D49 -> 710 | L49: =G49-'7'!D49 -> 1 | M49: =L49*J49 -> 710
A50: 1 ltr PET | B50: Sprite | C50: 50 | D50: 4 | F50: =E50*H50 -> 0 | G50: =D50+E50 -> 4 | H50: 661.22 | I50: =H50*D50 -> 2644.88 | J50: 710 | K50: =J50*D50 -> 2840 | L50: =G50-'7'!D50 -> 4 | M50: =L50*J50 -> 2840
A51: 1 ltr PET | B51: Limca | C51: 50 | F51: =E51*H51 -> 0 | G51: =D51+E51 -> 0 | H51: 661.22 | I51: =H51*D51 -> 0 | J51: 710 | K51: =J51*D51 -> 0 | L51: =G51-'7'!D51 -> 0 | M51: =L51*J51 -> 0
A52: 1 ltr PET | B52: Fanta | C52: 50 | F52: =E52*H52 -> 0 | G52: =D52+E52 -> 0 | H52: 661.22 | I52: =H52*D52 -> 0 | J52: 710 | K52: =J52*D52 -> 0 | L52: =G52-'7'!D52 -> 0 | M52: =L52*J52 -> 0
A53: 1 ltr PET | B53: Coke | C53: 50 | F53: =E53*H53 -> 0 | G53: =D53+E53 -> 0 | H53: 661.22 | I53: =H53*D53 -> 0 | J53: 710 | K53: =J53*D53 -> 0 | L53: =G53-'7'!D53 -> 0 | M53: =L53*J53 -> 0
A54: 1 ltr PET | B54: MM Pulpy orange | C54: 85 | D54: 3 | F54: =E54*H54 -> 0 | G54: =D54+E54 -> 3 | H54: 797.07 | I54: =H54*D54 -> 2391.21 | J54: 845 | K54: =J54*D54 -> 2535 | L54: =G54-'7'!D54 -> 0 | M54: =L54*J54 -> 0
A55: 1 ltr | B55: Kinley Water | C55: 18 | D55: 1045 | F55: =E55*H55 -> 0 | G55: =D55+E55 -> 1045 | H55: 160.77 | I55: =H55*D55 -> 168004.65 | J55: 175 | K55: =J55*D55 -> 182875 | L55: =G55-'7'!D55 -> 48 | M55: =L55*J55 -> 8400
A56: 1.2 ltr | B56: Mazza | C56: 70 | D56: 21 | F56: =E56*H56 -> 0 | G56: =D56+E56 -> 21 | H56: 744.99 | I56: =H56*D56 -> 15644.79 | J56: 790 | K56: =J56*D56 -> 16590 | L56: =G56-'7'!D56 -> 1 | M56: =L56*J56 -> 790
A57: 1.25 Ltr PET | B57: Kinley Soda | C57: 30 | F57: =E57*H57 -> 0 | G57: =D57+E57 -> 0 | H57: 316.15 | I57: =H57*D57 -> 0 | J57: 336 | K57: =J57*D57 -> 0 | L57: =G57-'7'!D57 -> 0 | M57: =L57*J57 -> 0
A58: 1.75 ltr | B58: Mazza | C58: 95 | D58: 11 | F58: =E58*H58 -> 0 | G58: =D58+E58 -> 11 | H58: 1042.9 | I58: =H58*D58 -> 11471.9 | J58: 1105 | K58: =J58*D58 -> 12155 | L58: =G58-'7'!D58 -> 2 | M58: =L58*J58 -> 2210
A59: 2 ltr | B59: Kinley Water | C59: 28 | D59: 33 | F59: =E59*H59 -> 0 | G59: =D59+E59 -> 33 | H59: 165.06 | I59: =H59*D59 -> 5446.98 | J59: 180 | K59: =J59*D59 -> 5940 | L59: =G59-'7'!D59 -> 2 | M59: =L59*J59 -> 360
A60: 1.5 ltr PET | B60: Thums up | C60: 70 | F60: =E60*H60 -> 0 | G60: =D60+E60 -> 0 | H60: 721.25 | I60: =H60*D60 -> 0 | J60: 771 | K60: =J60*D60 -> 0 | L60: =G60-'7'!D60 -> 0 | M60: =L60*J60 -> 0
A61: 1.5 ltr PET | B61: Sprite | C61: 70 | F61: =E61*H61 -> 0 | G61: =D61+E61 -> 0 | H61: 721.25 | I61: =H61*D61 -> 0 | J61: 771 | K61: =J61*D61 -> 0 | L61: =G61-'7'!D61 -> 0 | M61: =L61*J61 -> 0
A62: 2.25 Ltr PET | B62: Thums up | C62: 100 | D62: 179 | F62: =E62*H62 -> 0 | G62: =D62+E62 -> 179 | H62: 790.89 | I62: =H62*D62 -> 141569.31 | J62: 845 | K62: =J62*D62 -> 151255 | L62: =G62-'7'!D62 -> 29 | M62: =L62*J62 -> 24505
A63: 2.25 Ltr PET | B63: Sprite | C63: 100 | D63: 160 | F63: =E63*H63 -> 0 | G63: =D63+E63 -> 160 | H63: 790.89 | I63: =H63*D63 -> 126542.4 | J63: 845 | K63: =J63*D63 -> 135200 | L63: =G63-'7'!D63 -> 24 | M63: =L63*J63 -> 20280
A64: 2.25 Ltr PET | B64: Limca | C64: 100 | F64: =E64*H64 -> 0 | G64: =D64+E64 -> 0 | H64: 790.89 | I64: =H64*D64 -> 0 | J64: 845 | K64: =J64*D64 -> 0 | L64: =G64-'7'!D64 -> 0 | M64: =L64*J64 -> 0
A65: 2.25 Ltr PET | B65: Fanta | C65: 100 | F65: =E65*H65 -> 0 | G65: =D65+E65 -> 0 | H65: 790.89 | I65: =H65*D65 -> 0 | J65: 845 | K65: =J65*D65 -> 0 | L65: =G65-'7'!D65 -> 0 | M65: =L65*J65 -> 0
A66: 2.25 Ltr PET | B66: Coke | C66: 100 | F66: =E66*H66 -> 0 | G66: =D66+E66 -> 0 | H66: 790.89 | I66: =H66*D66 -> 0 | J66: 845 | K66: =J66*D66 -> 0 | L66: =G66-'7'!D66 -> 0 | M66: =L66*J66 -> 0
A67: Total Cases & Amount | D67: =SUM(D2:D66) -> 4156 | E67: =SUM(E2:E66) -> 0 | F67: =SUM(F2:F66) -> 0 | G67: =SUM(G2:G66) -> 4156 | I67: =SUM(I2:I66) -> 1483427 | J67: =SUM(J2:J66) -> 39088 | K67: =SUM(K2:K66) -> 1587975 | L67: =SUM(L2:L66) -> 371 | M67: =SUM(M2:M66) -> 191323

Sheet 7
A1: Pack | B1: Flavour | C1: MRP | D1: Stock PC | E1: Recived pc | F1: Recived invoice | G1: Total PC | H1: Invoce cost | I1: Amount | J1: sale price | K1: Amount | L1: SALE Pc | M1: SALE Amount
A2: 150 ml Tetra | B2: Mazza | C2: 9 | D2: 464 | F2: =E2*H2 -> 0 | G2: =D2+E2 -> 464 | H2: 308.13 | I2: =H2*D2 -> 142972.32 | J2: 326 | K2: =J2*D2 -> 151264 | L2: =G2-'8'!D2 -> 16 | M2: =L2*J2 -> 5216
A3: 150 ml Tetra | B3: MM Apple | C3: 9 | D3: 62 | E3: 42 | F3: =E3*H3 -> 12943.98 | G3: =D3+E3 -> 104 | H3: 308.19 | I3: =H3*D3 -> 19107.78 | J3: 326 | K3: =J3*D3 -> 20212 | L3: =G3-'8'!D3 -> 2 | M3: =L3*J3 -> 652
A4: 150 ml Tetra | B4: MM LMN Fresh | C4: 9 | F4: =E4*H4 -> 0 | G4: =D4+E4 -> 0 | H4: 308.19 | I4: =H4*D4 -> 0 | J4: 326 | K4: =J4*D4 -> 0 | L4: =G4-'8'!D4 -> 0 | M4: =L4*J4 -> 0
A5: 200 ml RGB | B5: Thums up | C5: 10 | D5: 165 | E5: 144 | F5: =E5*H5 -> 25166.88 | G5: =D5+E5 -> 309 | H5: 174.77 | I5: =H5*D5 -> 28837.05 | J5: 192 | K5: =J5*D5 -> 31680 | L5: =G5-'8'!D5 -> 19 | M5: =L5*J5 -> 3648
A6: 200 ml RGB | B6: Sprite | C6: 10 | D6: 180 | E6: 72 | F6: =E6*H6 -> 12583.44 | G6: =D6+E6 -> 252 | H6: 174.77 | I6: =H6*D6 -> 31458.6 | J6: 192 | K6: =J6*D6 -> 34560 | L6: =G6-'8'!D6 -> 11 | M6: =L6*J6 -> 2112
A7: 200 ml RGB | B7: Limca | C7: 10 | D7: 48 | F7: =E7*H7 -> 0 | G7: =D7+E7 -> 48 | H7: 174.77 | I7: =H7*D7 -> 8388.96 | J7: 192 | K7: =J7*D7 -> 9216 | L7: =G7-'8'!D7 -> 1 | M7: =L7*J7 -> 192
A8: 200 ml RGB | B8: Fanta | C8: 10 | D8: 73 | F8: =E8*H8 -> 0 | G8: =D8+E8 -> 73 | H8: 174.77 | I8: =H8*D8 -> 12758.21 | J8: 192 | K8: =J8*D8 -> 14016 | L8: =G8-'8'!D8 -> 10 | M8: =L8*J8 -> 1920
A9: 200 ml RGB | B9: Coke | C9: 10 | D9: 169 | F9: =E9*H9 -> 0 | G9: =D9+E9 -> 169 | H9: 174.77 | I9: =H9*D9 -> 29536.13 | J9: 192 | K9: =J9*D9 -> 32448 | L9: =G9-'8'!D9 -> 7 | M9: =L9*J9 -> 1344
A10: 200 ml RGB | B10: Mazza | C10: 14 | F10: =E10*H10 -> 0 | G10: =D10+E10 -> 0 | H10: 259.54 | I10: =H10*D10 -> 0 | J10: 282 | K10: =J10*D10 -> 0 | L10: =G10-'8'!D10 -> 0 | M10: =L10*J10 -> 0
A11: 250 ml PET | B11: Thums up Charge | C11: 20 | D11: 35 | F11: =E11*H11 -> 0 | G11: =D11+E11 -> 35 | H11: 470.8 | I11: =H11*D11 -> 16478 | J11: 505 | K11: =J11*D11 -> 17675 | L11: =G11-'8'!D11 -> 5 | M11: =L11*J11 -> 2525
A12: 250 ml PET | B12: Thums up | C12: 20 | D12: 357 | F12: =E12*H12 -> 0 | G12: =D12+E12 -> 357 | H12: 475.77 | I12: =H12*D12 -> 169849.89 | J12: 505 | K12: =J12*D12 -> 180285 | L12: =G12-'8'!D12 -> 92 | M12: =L12*J12 -> 46460
A13: 250 ml PET | B13: Sprite | C13: 20 | D13: 252 | F13: =E13*H13 -> 0 | G13: =D13+E13 -> 252 | H13: 475.77 | I13: =H13*D13 -> 119894.04 | J13: 505 | K13: =J13*D13 -> 127260 | L13: =G13-'8'!D13 -> 40 | M13: =L13*J13 -> 20200
A14: 250 ml PET | B14: Limca | C14: 20 | D14: 39 | F14: =E14*H14 -> 0 | G14: =D14+E14 -> 39 | H14: 470.8 | I14: =H14*D14 -> 18361.2 | J14: 505 | K14: =J14*D14 -> 19695 | L14: =G14-'8'!D14 -> 7 | M14: =L14*J14 -> 3535
A15: 250 ml PET | B15: Fanta | C15: 20 | D15: 43 | F15: =E15*H15 -> 0 | G15: =D15+E15 -> 43 | H15: 470.8 | I15: =H15*D15 -> 20244.4 | J15: 505 | K15: =J15*D15 -> 21715 | L15: =G15-'8'!D15 -> 3 | M15: =L15*J15 -> 1515
A16: 250 ml PET | B16: Coke | C16: 20 | F16: =E16*H16 -> 0 | G16: =D16+E16 -> 0 | H16: 470.8 | I16: =H16*D16 -> 0 | J16: 505 | K16: =J16*D16 -> 0 | L16: =G16-'8'!D16 -> 0 | M16: =L16*J16 -> 0
A17: 250 ml PET | B17: Kinley Soda | C17: 11 | D17: 76 | F17: =E17*H17 -> 0 | G17: =D17+E17 -> 76 | H17: 235.59 | I17: =H17*D17 -> 17904.84 | J17: 250 | K17: =J17*D17 -> 19000 | L17: =G17-'8'!D17 -> 3 | M17: =L17*J17 -> 750
A18: 250 ml PET | B18: RimZim Fiz | C18: 20 | F18: =E18*H18 -> 0 | G18: =D18+E18 -> 0 | H18: 470.8 | I18: =H18*D18 -> 0 | J18: 500 | K18: =J18*D18 -> 0 | L18: =G18-'8'!D18 -> 0 | M18: =L18*J18 -> 0
A19: 250 ml PET | B19: Zero Thums up | C19: 10 | F19: =E19*H19 -> 0 | G19: =D19+E19 -> 0 | H19: 204 | I19: =H19*D19 -> 0 | J19: 230 | K19: =J19*D19 -> 0 | L19: =G19-'8'!D19 -> 0 | M19: =L19*J19 -> 0
A20: 250 ml PET | B20: Zero Sprite | C20: 10 | F20: =E20*H20 -> 0 | G20: =D20+E20 -> 0 | H20: 204 | I20: =H20*D20 -> 0 | J20: 230 | K20: =J20*D20 -> 0 | L20: =G20-'8'!D20 -> 0 | M20: =L20*J20 -> 0
A21: 250 ml PET | B21: Zero Coke | C21: 10 | D21: 28 | F21: =E21*H21 -> 0 | G21: =D21+E21 -> 28 | H21: 204 | I21: =H21*D21 -> 5712 | J21: 230 | K21: =J21*D21 -> 6440 | L21: =G21-'8'!D21 -> 0 | M21: =L21*J21 -> 0
A22: 250 ml PET | B22: Mazza | C22: 19 | D22: 30 | F22: =E22*H22 -> 0 | G22: =D22+E22 -> 30 | H22: 474.46 | I22: =H22*D22 -> 14233.8 | J22: 505 | K22: =J22*D22 -> 15150 | L22: =G22-'8'!D22 -> 22 | M22: =L22*J22 -> 11110
A23: 250 ml PET | B23: MM Pulpy orange | C23: 24 | D23: 35 | E23: =108+36 -> 144 | F23: =E23*H23 -> 85524.48 | G23: =D23+E23 -> 179 | H23: 593.92 | I23: =H23*D23 -> 20787.2 | J23: 630 | K23: =J23*D23 -> 22050 | L23: =G23-'8'!D23 -> 14 | M23: =L23*J23 -> 8820
A24: 300 ml RGB | B24: Thums up | C24: 25 | D24: 63 | E24: 108 | F24: =E24*H24 -> 48956.4 | G24: =D24+E24 -> 171 | H24: 453.3 | I24: =H24*D24 -> 28557.9 | J24: 493 | K24: =J24*D24 -> 31059 | L24: =G24-'8'!D24 -> 0 | M24: =L24*J24 -> 0
A25: 300 ml RGB | B25: Sprite | C25: 25 | D25: 54 | F25: =E25*H25 -> 0 | G25: =D25+E25 -> 54 | H25: 453.3 | I25: =H25*D25 -> 24478.2 | J25: 493 | K25: =J25*D25 -> 26622 | L25: =G25-'8'!D25 -> 0 | M25: =L25*J25 -> 0
A26: 300 ml RGB | B26: Fanta | C26: 25 | F26: =E26*H26 -> 0 | G26: =D26+E26 -> 0 | H26: 453.3 | I26: =H26*D26 -> 0 | J26: 493 | K26: =J26*D26 -> 0 | L26: =G26-'8'!D26 -> 0 | M26: =L26*J26 -> 0
A27: 300 ml RGB | B27: Coke | C27: 25 | F27: =E27*H27 -> 0 | G27: =D27+E27 -> 0 | H27: 453.3 | I27: =H27*D27 -> 0 | J27: 493 | K27: =J27*D27 -> 0 | L27: =G27-'8'!D27 -> 0 | M27: =L27*J27 -> 0
A28: 300 ml CAN | B28: Thums up | C28: 40 | F28: =E28*H28 -> 0 | G28: =D28+E28 -> 0 | H28: 821.36 | I28: =H28*D28 -> 0 | J28: 878 | K28: =J28*D28 -> 0 | L28: =G28-'8'!D28 -> 0 | M28: =L28*J28 -> 0
A29: 300 ml CAN | B29: Sprite | C29: 40 | F29: =E29*H29 -> 0 | G29: =D29+E29 -> 0 | H29: 821.36 | I29: =H29*D29 -> 0 | J29: 878 | K29: =J29*D29 -> 0 | L29: =G29-'8'!D29 -> 0 | M29: =L29*J29 -> 0
A30: 300 ml CAN | B30: Limca | C30: 40 | F30: =E30*H30 -> 0 | G30: =D30+E30 -> 0 | H30: 817.58 | I30: =H30*D30 -> 0 | J30: 878 | K30: =J30*D30 -> 0 | L30: =G30-'8'!D30 -> 0 | M30: =L30*J30 -> 0
A31: 300 ml CAN | B31: Fanta | C31: 40 | F31: =E31*H31 -> 0 | G31: =D31+E31 -> 0 | H31: 817.58 | I31: =H31*D31 -> 0 | J31: 878 | K31: =J31*D31 -> 0 | L31: =G31-'8'!D31 -> 0 | M31: =L31*J31 -> 0
A32: 300 ml CAN | B32: Coke | C32: 40 | F32: =E32*H32 -> 0 | G32: =D32+E32 -> 0 | H32: 817.58 | I32: =H32*D32 -> 0 | J32: 878 | K32: =J32*D32 -> 0 | L32: =G32-'8'!D32 -> 0 | M32: =L32*J32 -> 0
A33: 300 ml CAN | B33: D'Coke | C33: 40 | F33: =E33*H33 -> 0 | G33: =D33+E33 -> 0 | H33: 817.58 | I33: =H33*D33 -> 0 | J33: 878 | K33: =J33*D33 -> 0 | L33: =G33-'8'!D33 -> 0 | M33: =L33*J33 -> 0
A34: 300 ml CAN | B34: Predator | C34: 60 | D34: 17 | F34: =E34*H34 -> 0 | G34: =D34+E34 -> 17 | H34: 1042.65 | I34: =H34*D34 -> 17725.05 | J34: 1110 | K34: =J34*D34 -> 18870 | L34: =G34-'8'!D34 -> 13 | M34: =L34*J34 -> 14430
A35: 300 ml | B35: Kinley Water | C35: 7 | D35: 11 | F35: =E35*H35 -> 0 | G35: =D35+E35 -> 11 | H35: 126.24 | I35: =H35*D35 -> 1388.64 | J35: 140 | K35: =J35*D35 -> 1540 | L35: =G35-'8'!D35 -> 0 | M35: =L35*J35 -> 0
A36: 350 ml CAN | B36: Monster | C36: 125 | D36: 12 | F36: =E36*H36 -> 0 | G36: =D36+E36 -> 12 | H36: 2050.54 | I36: =H36*D36 -> 24606.48 | J36: 2175 | K36: =J36*D36 -> 26100 | L36: =G36-'8'!D36 -> 1 | M36: =L36*J36 -> 2175
A37: 400 ml csd | B37: Thums up | C37: 20 | D37: 2 | F37: =E37*H37 -> 0 | G37: =D37+E37 -> 2 | H37: 399.19 | I37: =H37*D37 -> 798.38 | J37: 420 | K37: =J37*D37 -> 840 | L37: =G37-'8'!D37 -> 0 | M37: =L37*J37 -> 0
A38: 400 ml csd | B38: Sprite | C38: 20 | F38: =E38*H38 -> 0 | G38: =D38+E38 -> 0 | H38: 399.19 | I38: =H38*D38 -> 0 | J38: 420 | K38: =J38*D38 -> 0 | L38: =G38-'8'!D38 -> 0 | M38: =L38*J38 -> 0
A39: 400 ml csd | B39: Coke | C39: 20 | F39: =E39*H39 -> 0 | G39: =D39+E39 -> 0 | H39: 399.19 | I39: =H39*D39 -> 0 | J39: 420 | K39: =J39*D39 -> 0 | L39: =G39-'8'!D39 -> 0 | M39: =L39*J39 -> 0
A40: 500 ml | B40: Kinley Water | C40: 9 | D40: 73 | F40: =E40*H40 -> 0 | G40: =D40+E40 -> 73 | H40: 174.19 | I40: =H40*D40 -> 12715.87 | J40: 185 | K40: =J40*D40 -> 13505 | L40: =G40-'8'!D40 -> 0 | M40: =L40*J40 -> 0
A41: 600 ml PET | B41: Mazza | C41: 35 | D41: 27 | F41: =E41*H41 -> 0 | G41: =D41+E41 -> 27 | H41: 748.13 | I41: =H41*D41 -> 20199.51 | J41: 795 | K41: =J41*D41 -> 21465 | L41: =G41-'8'!D41 -> 2 | M41: =L41*J41 -> 1590
A42: 740 ml | B42: Thums up | C42: 40 | D42: 12 | F42: =E42*H42 -> 0 | G42: =D42+E42 -> 12 | H42: 842.86 | I42: =H42*D42 -> 10114.32 | J42: 900 | K42: =J42*D42 -> 10800 | L42: =G42-'8'!D42 -> 6 | M42: =L42*J42 -> 5400
A43: 740 ml | B43: Sprite | C43: 40 | D43: 27 | F43: =E43*H43 -> 0 | G43: =D43+E43 -> 27 | H43: 842.86 | I43: =H43*D43 -> 22757.22 | J43: 900 | K43: =J43*D43 -> 24300 | L43: =G43-'8'!D43 -> 2 | M43: =L43*J43 -> 1800
A44: 740 ml | B44: Limca | C44: 40 | F44: =E44*H44 -> 0 | G44: =D44+E44 -> 0 | H44: 839.68 | I44: =H44*D44 -> 0 | J44: 900 | K44: =J44*D44 -> 0 | L44: =G44-'8'!D44 -> 0 | M44: =L44*J44 -> 0
A45: 740 ml | B45: Fanta | C45: 40 | F45: =E45*H45 -> 0 | G45: =D45+E45 -> 0 | H45: 839.68 | I45: =H45*D45 -> 0 | J45: 900 | K45: =J45*D45 -> 0 | L45: =G45-'8'!D45 -> 0 | M45: =L45*J45 -> 0
A46: 740 ml | B46: Coke | C46: 40 | F46: =E46*H46 -> 0 | G46: =D46+E46 -> 0 | H46: 839.68 | I46: =H46*D46 -> 0 | J46: 900 | K46: =J46*D46 -> 0 | L46: =G46-'8'!D46 -> 0 | M46: =L46*J46 -> 0
A47: 750 ml | B47: Kinley Soda | C47: 18 | D47: 37 | F47: =E47*H47 -> 0 | G47: =D47+E47 -> 37 | H47: 375.68 | I47: =H47*D47 -> 13900.16 | J47: 400 | K47: =J47*D47 -> 14800 | L47: =G47-'8'!D47 -> 3 | M47: =L47*J47 -> 1200
A48: 850 ml | B48: MM Pulpy orange | C48: 50 | D48: 48 | F48: =E48*H48 -> 0 | G48: =D48+E48 -> 48 | H48: 670.32 | I48: =H48*D48 -> 32175.36 | J48: 710 | K48: =J48*D48 -> 34080 | L48: =G48-'8'!D48 -> 7 | M48: =L48*J48 -> 4970
A49: 1 ltr PET | B49: Thums up | C49: 50 | D49: 0 | E49: 55 | F49: =E49*H49 -> 36367.1 | G49: =D49+E49 -> 55 | H49: 661.22 | I49: =H49*D49 -> 0 | J49: 710 | K49: =J49*D49 -> 0 | L49: =G49-'8'!D49 -> 20 | M49: =L49*J49 -> 14200
A50: 1 ltr PET | B50: Sprite | C50: 50 | D50: 0 | E50: 55 | F50: =E50*H50 -> 36367.1 | G50: =D50+E50 -> 55 | H50: 661.22 | I50: =H50*D50 -> 0 | J50: 710 | K50: =J50*D50 -> 0 | L50: =G50-'8'!D50 -> 9 | M50: =L50*J50 -> 6390
A51: 1 ltr PET | B51: Limca | C51: 50 | F51: =E51*H51 -> 0 | G51: =D51+E51 -> 0 | H51: 661.22 | I51: =H51*D51 -> 0 | J51: 710 | K51: =J51*D51 -> 0 | L51: =G51-'8'!D51 -> 0 | M51: =L51*J51 -> 0
A52: 1 ltr PET | B52: Fanta | C52: 50 | F52: =E52*H52 -> 0 | G52: =D52+E52 -> 0 | H52: 661.22 | I52: =H52*D52 -> 0 | J52: 710 | K52: =J52*D52 -> 0 | L52: =G52-'8'!D52 -> 0 | M52: =L52*J52 -> 0
A53: 1 ltr PET | B53: Coke | C53: 50 | F53: =E53*H53 -> 0 | G53: =D53+E53 -> 0 | H53: 661.22 | I53: =H53*D53 -> 0 | J53: 710 | K53: =J53*D53 -> 0 | L53: =G53-'8'!D53 -> 0 | M53: =L53*J53 -> 0
A54: 1 ltr PET | B54: MM Pulpy orange | C54: 85 | D54: 3 | F54: =E54*H54 -> 0 | G54: =D54+E54 -> 3 | H54: 797.07 | I54: =H54*D54 -> 2391.21 | J54: 845 | K54: =J54*D54 -> 2535 | L54: =G54-'8'!D54 -> 0 | M54: =L54*J54 -> 0
A55: 1 ltr | B55: Kinley Water | C55: 18 | D55: 997 | E55: 180 | F55: =E55*H55 -> 28938.6 | G55: =D55+E55 -> 1177 | H55: 160.77 | I55: =H55*D55 -> 160287.69 | J55: 175 | K55: =J55*D55 -> 174475 | L55: =G55-'8'!D55 -> 46 | M55: =L55*J55 -> 8050
A56: 1.2 ltr | B56: Mazza | C56: 70 | D56: 20 | F56: =E56*H56 -> 0 | G56: =D56+E56 -> 20 | H56: 744.99 | I56: =H56*D56 -> 14899.8 | J56: 790 | K56: =J56*D56 -> 15800 | L56: =G56-'8'!D56 -> 0 | M56: =L56*J56 -> 0
A57: 1.25 Ltr PET | B57: Kinley Soda | C57: 30 | F57: =E57*H57 -> 0 | G57: =D57+E57 -> 0 | H57: 316.15 | I57: =H57*D57 -> 0 | J57: 336 | K57: =J57*D57 -> 0 | L57: =G57-'8'!D57 -> 0 | M57: =L57*J57 -> 0
A58: 1.75 ltr | B58: Mazza | C58: 95 | D58: 9 | F58: =E58*H58 -> 0 | G58: =D58+E58 -> 9 | H58: 1042.9 | I58: =H58*D58 -> 9386.1 | J58: 1105 | K58: =J58*D58 -> 9945 | L58: =G58-'8'!D58 -> 0 | M58: =L58*J58 -> 0
A59: 2 ltr | B59: Kinley Water | C59: 28 | D59: 31 | F59: =E59*H59 -> 0 | G59: =D59+E59 -> 31 | H59: 165.06 | I59: =H59*D59 -> 5116.86 | J59: 180 | K59: =J59*D59 -> 5580 | L59: =G59-'8'!D59 -> 2 | M59: =L59*J59 -> 360
A60: 1.5 ltr PET | B60: Thums up | C60: 70 | F60: =E60*H60 -> 0 | G60: =D60+E60 -> 0 | H60: 721.25 | I60: =H60*D60 -> 0 | J60: 771 | K60: =J60*D60 -> 0 | L60: =G60-'8'!D60 -> 0 | M60: =L60*J60 -> 0
A61: 1.5 ltr PET | B61: Sprite | C61: 70 | F61: =E61*H61 -> 0 | G61: =D61+E61 -> 0 | H61: 721.25 | I61: =H61*D61 -> 0 | J61: 771 | K61: =J61*D61 -> 0 | L61: =G61-'8'!D61 -> 0 | M61: =L61*J61 -> 0
A62: 2.25 Ltr PET | B62: Thums up | C62: 100 | D62: 150 | F62: =E62*H62 -> 0 | G62: =D62+E62 -> 150 | H62: 790.89 | I62: =H62*D62 -> 118633.5 | J62: 845 | K62: =J62*D62 -> 126750 | L62: =G62-'8'!D62 -> 41 | M62: =L62*J62 -> 34645
A63: 2.25 Ltr PET | B63: Sprite | C63: 100 | D63: 136 | F63: =E63*H63 -> 0 | G63: =D63+E63 -> 136 | H63: 790.89 | I63: =H63*D63 -> 107561.04 | J63: 845 | K63: =J63*D63 -> 114920 | L63: =G63-'8'!D63 -> 28 | M63: =L63*J63 -> 23660
A64: 2.25 Ltr PET | B64: Limca | C64: 100 | F64: =E64*H64 -> 0 | G64: =D64+E64 -> 0 | H64: 790.89 | I64: =H64*D64 -> 0 | J64: 845 | K64: =J64*D64 -> 0 | L64: =G64-'8'!D64 -> 0 | M64: =L64*J64 -> 0
A65: 2.25 Ltr PET | B65: Fanta | C65: 100 | F65: =E65*H65 -> 0 | G65: =D65+E65 -> 0 | H65: 790.89 | I65: =H65*D65 -> 0 | J65: 845 | K65: =J65*D65 -> 0 | L65: =G65-'8'!D65 -> 0 | M65: =L65*J65 -> 0
A66: 2.25 Ltr PET | B66: Coke | C66: 100 | F66: =E66*H66 -> 0 | G66: =D66+E66 -> 0 | H66: 790.89 | I66: =H66*D66 -> 0 | J66: 845 | K66: =J66*D66 -> 0 | L66: =G66-'8'!D66 -> 0 | M66: =L66*J66 -> 0
A67: Total Cases & Amount | D67: =SUM(D2:D66) -> 3785 | E67: =SUM(E2:E66) -> 800 | F67: =SUM(F2:F66) -> 286847.98 | G67: =SUM(G2:G66) -> 4585 | I67: =SUM(I2:I66) -> 1304217.7 | J67: =SUM(J2:J66) -> 39088 | K67: =SUM(K2:K66) -> 1396652 | L67: =SUM(L2:L66) -> 432 | M67: =SUM(M2:M66) -> 228869

Sheet 8
A1: Pack | B1: Flavour | C1: MRP | D1: Stock PC | E1: Recived pc | F1: Recived invoice | G1: Total PC | H1: Invoce cost | I1: Amount | J1: sale price | K1: Amount | L1: SALE Pc | M1: SALE Amount
A2: 150 ml Tetra | B2: Mazza | C2: 9 | D2: 448 | F2: =E2*H2 -> 0 | G2: =D2+E2 -> 448 | H2: 308.13 | I2: =H2*D2 -> 138042.24 | J2: 326 | K2: =J2*D2 -> 146048 | L2: =G2-'9'!D2 -> 14 | M2: =L2*J2 -> 4564
A3: 150 ml Tetra | B3: MM Apple | C3: 9 | D3: 102 | F3: =E3*H3 -> 0 | G3: =D3+E3 -> 102 | H3: 308.19 | I3: =H3*D3 -> 31435.38 | J3: 326 | K3: =J3*D3 -> 33252 | L3: =G3-'9'!D3 -> 3 | M3: =L3*J3 -> 978
A4: 150 ml Tetra | B4: MM LMN Fresh | C4: 9 | F4: =E4*H4 -> 0 | G4: =D4+E4 -> 0 | H4: 308.19 | I4: =H4*D4 -> 0 | J4: 326 | K4: =J4*D4 -> 0 | L4: =G4-'9'!D4 -> 0 | M4: =L4*J4 -> 0
A5: 200 ml RGB | B5: Thums up | C5: 10 | D5: 290 | F5: =E5*H5 -> 0 | G5: =D5+E5 -> 290 | H5: 174.77 | I5: =H5*D5 -> 50683.3 | J5: 192 | K5: =J5*D5 -> 55680 | L5: =G5-'9'!D5 -> 19 | M5: =L5*J5 -> 3648
A6: 200 ml RGB | B6: Sprite | C6: 10 | D6: 241 | F6: =E6*H6 -> 0 | G6: =D6+E6 -> 241 | H6: 174.77 | I6: =H6*D6 -> 42119.57 | J6: 192 | K6: =J6*D6 -> 46272 | L6: =G6-'9'!D6 -> 14 | M6: =L6*J6 -> 2688
A7: 200 ml RGB | B7: Limca | C7: 10 | D7: 47 | F7: =E7*H7 -> 0 | G7: =D7+E7 -> 47 | H7: 174.77 | I7: =H7*D7 -> 8214.19 | J7: 192 | K7: =J7*D7 -> 9024 | L7: =G7-'9'!D7 -> 3 | M7: =L7*J7 -> 576
A8: 200 ml RGB | B8: Fanta | C8: 10 | D8: 63 | F8: =E8*H8 -> 0 | G8: =D8+E8 -> 63 | H8: 174.77 | I8: =H8*D8 -> 11010.51 | J8: 192 | K8: =J8*D8 -> 12096 | L8: =G8-'9'!D8 -> 11 | M8: =L8*J8 -> 2112
A9: 200 ml RGB | B9: Coke | C9: 10 | D9: 162 | F9: =E9*H9 -> 0 | G9: =D9+E9 -> 162 | H9: 174.77 | I9: =H9*D9 -> 28312.74 | J9: 192 | K9: =J9*D9 -> 31104 | L9: =G9-'9'!D9 -> 6 | M9: =L9*J9 -> 1152
A10: 200 ml RGB | B10: Mazza | C10: 14 | F10: =E10*H10 -> 0 | G10: =D10+E10 -> 0 | H10: 259.54 | I10: =H10*D10 -> 0 | J10: 282 | K10: =J10*D10 -> 0 | L10: =G10-'9'!D10 -> 0 | M10: =L10*J10 -> 0
A11: 250 ml PET | B11: Thums up Charge | C11: 20 | D11: 30 | F11: =E11*H11 -> 0 | G11: =D11+E11 -> 30 | H11: 470.8 | I11: =H11*D11 -> 14124 | J11: 505 | K11: =J11*D11 -> 15150 | L11: =G11-'9'!D11 -> 2 | M11: =L11*J11 -> 1010
A12: 250 ml PET | B12: Thums up | C12: 20 | D12: 265 | F12: =E12*H12 -> 0 | G12: =D12+E12 -> 265 | H12: 475.77 | I12: =H12*D12 -> 126079.05 | J12: 505 | K12: =J12*D12 -> 133825 | L12: =G12-'9'!D12 -> 77 | M12: =L12*J12 -> 38885
A13: 250 ml PET | B13: Sprite | C13: 20 | D13: 212 | F13: =E13*H13 -> 0 | G13: =D13+E13 -> 212 | H13: 475.77 | I13: =H13*D13 -> 100863.24 | J13: 505 | K13: =J13*D13 -> 107060 | L13: =G13-'9'!D13 -> 37 | M13: =L13*J13 -> 18685
A14: 250 ml PET | B14: Limca | C14: 20 | D14: 32 | F14: =E14*H14 -> 0 | G14: =D14+E14 -> 32 | H14: 470.8 | I14: =H14*D14 -> 15065.6 | J14: 505 | K14: =J14*D14 -> 16160 | L14: =G14-'9'!D14 -> 12 | M14: =L14*J14 -> 6060
A15: 250 ml PET | B15: Fanta | C15: 20 | D15: 40 | F15: =E15*H15 -> 0 | G15: =D15+E15 -> 40 | H15: 470.8 | I15: =H15*D15 -> 18832 | J15: 505 | K15: =J15*D15 -> 20200 | L15: =G15-'9'!D15 -> 6 | M15: =L15*J15 -> 3030
A16: 250 ml PET | B16: Coke | C16: 20 | F16: =E16*H16 -> 0 | G16: =D16+E16 -> 0 | H16: 470.8 | I16: =H16*D16 -> 0 | J16: 505 | K16: =J16*D16 -> 0 | L16: =G16-'9'!D16 -> 0 | M16: =L16*J16 -> 0
A17: 250 ml PET | B17: Kinley Soda | C17: 11 | D17: 73 | F17: =E17*H17 -> 0 | G17: =D17+E17 -> 73 | H17: 235.59 | I17: =H17*D17 -> 17198.07 | J17: 250 | K17: =J17*D17 -> 18250 | L17: =G17-'9'!D17 -> 4 | M17: =L17*J17 -> 1000
A18: 250 ml PET | B18: RimZim Fiz | C18: 20 | F18: =E18*H18 -> 0 | G18: =D18+E18 -> 0 | H18: 470.8 | I18: =H18*D18 -> 0 | J18: 500 | K18: =J18*D18 -> 0 | L18: =G18-'9'!D18 -> 0 | M18: =L18*J18 -> 0
A19: 250 ml PET | B19: Zero Thums up | C19: 10 | F19: =E19*H19 -> 0 | G19: =D19+E19 -> 0 | H19: 204 | I19: =H19*D19 -> 0 | J19: 230 | K19: =J19*D19 -> 0 | L19: =G19-'9'!D19 -> 0 | M19: =L19*J19 -> 0
A20: 250 ml PET | B20: Zero Sprite | C20: 10 | F20: =E20*H20 -> 0 | G20: =D20+E20 -> 0 | H20: 204 | I20: =H20*D20 -> 0 | J20: 230 | K20: =J20*D20 -> 0 | L20: =G20-'9'!D20 -> 0 | M20: =L20*J20 -> 0
A21: 250 ml PET | B21: Zero Coke | C21: 10 | D21: 28 | F21: =E21*H21 -> 0 | G21: =D21+E21 -> 28 | H21: 204 | I21: =H21*D21 -> 5712 | J21: 230 | K21: =J21*D21 -> 6440 | L21: =G21-'9'!D21 -> 0 | M21: =L21*J21 -> 0
A22: 250 ml PET | B22: Mazza | C22: 19 | D22: 8 | F22: =E22*H22 -> 0 | G22: =D22+E22 -> 8 | H22: 474.46 | I22: =H22*D22 -> 3795.68 | J22: 505 | K22: =J22*D22 -> 4040 | L22: =G22-'9'!D22 -> 8 | M22: =L22*J22 -> 4040
A23: 250 ml PET | B23: MM Pulpy orange | C23: 24 | D23: 165 | F23: =E23*H23 -> 0 | G23: =D23+E23 -> 165 | H23: 593.92 | I23: =H23*D23 -> 97996.8 | J23: 630 | K23: =J23*D23 -> 103950 | L23: =G23-'9'!D23 -> 11 | M23: =L23*J23 -> 6930
A24: 300 ml RGB | B24: Thums up | C24: 25 | D24: 171 | F24: =E24*H24 -> 0 | G24: =D24+E24 -> 171 | H24: 453.3 | I24: =H24*D24 -> 77514.3 | J24: 493 | K24: =J24*D24 -> 84303 | L24: =G24-'9'!D24 -> 76 | M24: =L24*J24 -> 37468
A25: 300 ml RGB | B25: Sprite | C25: 25 | D25: 54 | F25: =E25*H25 -> 0 | G25: =D25+E25 -> 54 | H25: 453.3 | I25: =H25*D25 -> 24478.2 | J25: 493 | K25: =J25*D25 -> 26622 | L25: =G25-'9'!D25 -> 24 | M25: =L25*J25 -> 11832
A26: 300 ml RGB | B26: Fanta | C26: 25 | F26: =E26*H26 -> 0 | G26: =D26+E26 -> 0 | H26: 453.3 | I26: =H26*D26 -> 0 | J26: 493 | K26: =J26*D26 -> 0 | L26: =G26-'9'!D26 -> 0 | M26: =L26*J26 -> 0
A27: 300 ml RGB | B27: Coke | C27: 25 | F27: =E27*H27 -> 0 | G27: =D27+E27 -> 0 | H27: 453.3 | I27: =H27*D27 -> 0 | J27: 493 | K27: =J27*D27 -> 0 | L27: =G27-'9'!D27 -> 0 | M27: =L27*J27 -> 0
A28: 300 ml CAN | B28: Thums up | C28: 40 | F28: =E28*H28 -> 0 | G28: =D28+E28 -> 0 | H28: 821.36 | I28: =H28*D28 -> 0 | J28: 878 | K28: =J28*D28 -> 0 | L28: =G28-'9'!D28 -> 0 | M28: =L28*J28 -> 0
A29: 300 ml CAN | B29: Sprite | C29: 40 | F29: =E29*H29 -> 0 | G29: =D29+E29 -> 0 | H29: 821.36 | I29: =H29*D29 -> 0 | J29: 878 | K29: =J29*D29 -> 0 | L29: =G29-'9'!D29 -> 0 | M29: =L29*J29 -> 0
A30: 300 ml CAN | B30: Limca | C30: 40 | F30: =E30*H30 -> 0 | G30: =D30+E30 -> 0 | H30: 817.58 | I30: =H30*D30 -> 0 | J30: 878 | K30: =J30*D30 -> 0 | L30: =G30-'9'!D30 -> 0 | M30: =L30*J30 -> 0
A31: 300 ml CAN | B31: Fanta | C31: 40 | F31: =E31*H31 -> 0 | G31: =D31+E31 -> 0 | H31: 817.58 | I31: =H31*D31 -> 0 | J31: 878 | K31: =J31*D31 -> 0 | L31: =G31-'9'!D31 -> 0 | M31: =L31*J31 -> 0
A32: 300 ml CAN | B32: Coke | C32: 40 | F32: =E32*H32 -> 0 | G32: =D32+E32 -> 0 | H32: 817.58 | I32: =H32*D32 -> 0 | J32: 878 | K32: =J32*D32 -> 0 | L32: =G32-'9'!D32 -> 0 | M32: =L32*J32 -> 0
A33: 300 ml CAN | B33: D'Coke | C33: 40 | F33: =E33*H33 -> 0 | G33: =D33+E33 -> 0 | H33: 817.58 | I33: =H33*D33 -> 0 | J33: 878 | K33: =J33*D33 -> 0 | L33: =G33-'9'!D33 -> 0 | M33: =L33*J33 -> 0
A34: 300 ml CAN | B34: Predator | C34: 60 | D34: 4 | E34: 80 | F34: =E34*H34 -> 83412 | G34: =D34+E34 -> 84 | H34: 1042.65 | I34: =H34*D34 -> 4170.6 | J34: 1110 | K34: =J34*D34 -> 4440 | L34: =G34-'9'!D34 -> 16 | M34: =L34*J34 -> 17760
A35: 300 ml | B35: Kinley Water | C35: 7 | D35: 11 | F35: =E35*H35 -> 0 | G35: =D35+E35 -> 11 | H35: 126.24 | I35: =H35*D35 -> 1388.64 | J35: 140 | K35: =J35*D35 -> 1540 | L35: =G35-'9'!D35 -> 0 | M35: =L35*J35 -> 0
A36: 350 ml CAN | B36: Monster | C36: 125 | D36: 11 | E36: 20 | F36: =E36*H36 -> 41010.8 | G36: =D36+E36 -> 31 | H36: 2050.54 | I36: =H36*D36 -> 22555.94 | J36: 2175 | K36: =J36*D36 -> 23925 | L36: =G36-'9'!D36 -> 3 | M36: =L36*J36 -> 6525
A37: 400 ml csd | B37: Thums up | C37: 20 | D37: 2 | F37: =E37*H37 -> 0 | G37: =D37+E37 -> 2 | H37: 399.19 | I37: =H37*D37 -> 798.38 | J37: 420 | K37: =J37*D37 -> 840 | L37: =G37-'9'!D37 -> 0 | M37: =L37*J37 -> 0
A38: 400 ml csd | B38: Sprite | C38: 20 | F38: =E38*H38 -> 0 | G38: =D38+E38 -> 0 | H38: 399.19 | I38: =H38*D38 -> 0 | J38: 420 | K38: =J38*D38 -> 0 | L38: =G38-'9'!D38 -> 0 | M38: =L38*J38 -> 0
A39: 400 ml csd | B39: Coke | C39: 20 | F39: =E39*H39 -> 0 | G39: =D39+E39 -> 0 | H39: 399.19 | I39: =H39*D39 -> 0 | J39: 420 | K39: =J39*D39 -> 0 | L39: =G39-'9'!D39 -> 0 | M39: =L39*J39 -> 0
A40: 500 ml | B40: Kinley Water | C40: 9 | D40: 73 | F40: =E40*H40 -> 0 | G40: =D40+E40 -> 73 | H40: 174.19 | I40: =H40*D40 -> 12715.87 | J40: 185 | K40: =J40*D40 -> 13505 | L40: =G40-'9'!D40 -> 3 | M40: =L40*J40 -> 555
A41: 600 ml PET | B41: Mazza | C41: 35 | D41: 25 | F41: =E41*H41 -> 0 | G41: =D41+E41 -> 25 | H41: 748.13 | I41: =H41*D41 -> 18703.25 | J41: 795 | K41: =J41*D41 -> 19875 | L41: =G41-'9'!D41 -> 4 | M41: =L41*J41 -> 3180
A42: 740 ml | B42: Thums up | C42: 40 | D42: 6 | F42: =E42*H42 -> 0 | G42: =D42+E42 -> 6 | H42: 842.86 | I42: =H42*D42 -> 5057.16 | J42: 900 | K42: =J42*D42 -> 5400 | L42: =G42-'9'!D42 -> 5 | M42: =L42*J42 -> 4500
A43: 740 ml | B43: Sprite | C43: 40 | D43: 25 | F43: =E43*H43 -> 0 | G43: =D43+E43 -> 25 | H43: 842.86 | I43: =H43*D43 -> 21071.5 | J43: 900 | K43: =J43*D43 -> 22500 | L43: =G43-'9'!D43 -> 1 | M43: =L43*J43 -> 900
A44: 740 ml | B44: Limca | C44: 40 | F44: =E44*H44 -> 0 | G44: =D44+E44 -> 0 | H44: 839.68 | I44: =H44*D44 -> 0 | J44: 900 | K44: =J44*D44 -> 0 | L44: =G44-'9'!D44 -> 0 | M44: =L44*J44 -> 0
A45: 740 ml | B45: Fanta | C45: 40 | F45: =E45*H45 -> 0 | G45: =D45+E45 -> 0 | H45: 839.68 | I45: =H45*D45 -> 0 | J45: 900 | K45: =J45*D45 -> 0 | L45: =G45-'9'!D45 -> 0 | M45: =L45*J45 -> 0
A46: 740 ml | B46: Coke | C46: 40 | F46: =E46*H46 -> 0 | G46: =D46+E46 -> 0 | H46: 839.68 | I46: =H46*D46 -> 0 | J46: 900 | K46: =J46*D46 -> 0 | L46: =G46-'9'!D46 -> 0 | M46: =L46*J46 -> 0
A47: 750 ml | B47: Kinley Soda | C47: 18 | D47: 34 | F47: =E47*H47 -> 0 | G47: =D47+E47 -> 34 | H47: 375.68 | I47: =H47*D47 -> 12773.12 | J47: 400 | K47: =J47*D47 -> 13600 | L47: =G47-'9'!D47 -> 1 | M47: =L47*J47 -> 400
A48: 850 ml | B48: MM Pulpy orange | C48: 50 | D48: 41 | F48: =E48*H48 -> 0 | G48: =D48+E48 -> 41 | H48: 670.32 | I48: =H48*D48 -> 27483.12 | J48: 710 | K48: =J48*D48 -> 29110 | L48: =G48-'9'!D48 -> 9 | M48: =L48*J48 -> 6390
A49: 1 ltr PET | B49: Thums up | C49: 50 | D49: 35 | F49: =E49*H49 -> 0 | G49: =D49+E49 -> 35 | H49: 661.22 | I49: =H49*D49 -> 23142.7 | J49: 710 | K49: =J49*D49 -> 24850 | L49: =G49-'9'!D49 -> 18 | M49: =L49*J49 -> 12780
A50: 1 ltr PET | B50: Sprite | C50: 50 | D50: 46 | F50: =E50*H50 -> 0 | G50: =D50+E50 -> 46 | H50: 661.22 | I50: =H50*D50 -> 30416.12 | J50: 710 | K50: =J50*D50 -> 32660 | L50: =G50-'9'!D50 -> 9 | M50: =L50*J50 -> 6390
A51: 1 ltr PET | B51: Limca | C51: 50 | F51: =E51*H51 -> 0 | G51: =D51+E51 -> 0 | H51: 661.22 | I51: =H51*D51 -> 0 | J51: 710 | K51: =J51*D51 -> 0 | L51: =G51-'9'!D51 -> 0 | M51: =L51*J51 -> 0
A52: 1 ltr PET | B52: Fanta | C52: 50 | F52: =E52*H52 -> 0 | G52: =D52+E52 -> 0 | H52: 661.22 | I52: =H52*D52 -> 0 | J52: 710 | K52: =J52*D52 -> 0 | L52: =G52-'9'!D52 -> 0 | M52: =L52*J52 -> 0
A53: 1 ltr PET | B53: Coke | C53: 50 | F53: =E53*H53 -> 0 | G53: =D53+E53 -> 0 | H53: 661.22 | I53: =H53*D53 -> 0 | J53: 710 | K53: =J53*D53 -> 0 | L53: =G53-'9'!D53 -> 0 | M53: =L53*J53 -> 0
A54: 1 ltr PET | B54: MM Pulpy orange | C54: 85 | D54: 3 | F54: =E54*H54 -> 0 | G54: =D54+E54 -> 3 | H54: 797.07 | I54: =H54*D54 -> 2391.21 | J54: 845 | K54: =J54*D54 -> 2535 | L54: =G54-'9'!D54 -> 0 | M54: =L54*J54 -> 0
A55: 1 ltr | B55: Kinley Water | C55: 18 | D55: 1131 | F55: =E55*H55 -> 0 | G55: =D55+E55 -> 1131 | H55: 160.77 | I55: =H55*D55 -> 181830.87 | J55: 175 | K55: =J55*D55 -> 197925 | L55: =G55-'9'!D55 -> 34 | M55: =L55*J55 -> 5950
A56: 1.2 ltr | B56: Mazza | C56: 70 | D56: 20 | F56: =E56*H56 -> 0 | G56: =D56+E56 -> 20 | H56: 744.99 | I56: =H56*D56 -> 14899.8 | J56: 790 | K56: =J56*D56 -> 15800 | L56: =G56-'9'!D56 -> 0 | M56: =L56*J56 -> 0
A57: 1.25 Ltr PET | B57: Kinley Soda | C57: 30 | F57: =E57*H57 -> 0 | G57: =D57+E57 -> 0 | H57: 316.15 | I57: =H57*D57 -> 0 | J57: 336 | K57: =J57*D57 -> 0 | L57: =G57-'9'!D57 -> 0 | M57: =L57*J57 -> 0
A58: 1.75 ltr | B58: Mazza | C58: 95 | D58: 9 | F58: =E58*H58 -> 0 | G58: =D58+E58 -> 9 | H58: 1042.9 | I58: =H58*D58 -> 9386.1 | J58: 1105 | K58: =J58*D58 -> 9945 | L58: =G58-'9'!D58 -> 4 | M58: =L58*J58 -> 4420
A59: 2 ltr | B59: Kinley Water | C59: 28 | D59: 29 | F59: =E59*H59 -> 0 | G59: =D59+E59 -> 29 | H59: 165.06 | I59: =H59*D59 -> 4786.74 | J59: 180 | K59: =J59*D59 -> 5220 | L59: =G59-'9'!D59 -> 1 | M59: =L59*J59 -> 180
A60: 1.5 ltr PET | B60: Thums up | C60: 70 | F60: =E60*H60 -> 0 | G60: =D60+E60 -> 0 | H60: 721.25 | I60: =H60*D60 -> 0 | J60: 771 | K60: =J60*D60 -> 0 | L60: =G60-'9'!D60 -> 0 | M60: =L60*J60 -> 0
A61: 1.5 ltr PET | B61: Sprite | C61: 70 | F61: =E61*H61 -> 0 | G61: =D61+E61 -> 0 | H61: 721.25 | I61: =H61*D61 -> 0 | J61: 771 | K61: =J61*D61 -> 0 | L61: =G61-'9'!D61 -> 0 | M61: =L61*J61 -> 0
A62: 2.25 Ltr PET | B62: Thums up | C62: 100 | D62: 109 | F62: =E62*H62 -> 0 | G62: =D62+E62 -> 109 | H62: 790.89 | I62: =H62*D62 -> 86207.01 | J62: 845 | K62: =J62*D62 -> 92105 | L62: =G62-'9'!D62 -> 47 | M62: =L62*J62 -> 39715
A63: 2.25 Ltr PET | B63: Sprite | C63: 100 | D63: 108 | F63: =E63*H63 -> 0 | G63: =D63+E63 -> 108 | H63: 790.89 | I63: =H63*D63 -> 85416.12 | J63: 845 | K63: =J63*D63 -> 91260 | L63: =G63-'9'!D63 -> 30 | M63: =L63*J63 -> 25350
A64: 2.25 Ltr PET | B64: Limca | C64: 100 | F64: =E64*H64 -> 0 | G64: =D64+E64 -> 0 | H64: 790.89 | I64: =H64*D64 -> 0 | J64: 845 | K64: =J64*D64 -> 0 | L64: =G64-'9'!D64 -> 0 | M64: =L64*J64 -> 0
A65: 2.25 Ltr PET | B65: Fanta | C65: 100 | F65: =E65*H65 -> 0 | G65: =D65+E65 -> 0 | H65: 790.89 | I65: =H65*D65 -> 0 | J65: 845 | K65: =J65*D65 -> 0 | L65: =G65-'9'!D65 -> 0 | M65: =L65*J65 -> 0
A66: 2.25 Ltr PET | B66: Coke | C66: 100 | F66: =E66*H66 -> 0 | G66: =D66+E66 -> 0 | H66: 790.89 | I66: =H66*D66 -> 0 | J66: 845 | K66: =J66*D66 -> 0 | L66: =G66-'9'!D66 -> 0 | M66: =L66*J66 -> 0
A67: Total Cases & Amount | D67: =SUM(D2:D66) -> 4153 | E67: =SUM(E2:E66) -> 100 | F67: =SUM(F2:F66) -> 124422.8 | G67: =SUM(G2:G66) -> 4253 | I67: =SUM(I2:I66) -> 1376671.1 | J67: =SUM(J2:J66) -> 39088 | K67: =SUM(K2:K66) -> 1476511 | L67: =SUM(L2:L66) -> 512 | M67: =SUM(M2:M66) -> 279653

Sheet 9
A1: Pack | B1: Flavour | C1: MRP | D1: Stock PC | E1: Recived pc | F1: Recived invoice | G1: Total PC | H1: Invoce cost | I1: Amount | J1: sale price | K1: Amount | L1: SALE Pc | M1: SALE Amount
A2: 150 ml Tetra | B2: Mazza | C2: 9 | D2: 434 | F2: =E2*H2 -> 0 | G2: =D2+E2 -> 434 | H2: 308.13 | I2: =H2*D2 -> 133728.42 | J2: 326 | K2: =J2*D2 -> 141484 | L2: =G2-'10'!D2 -> 19 | M2: =L2*J2 -> 6194
A3: 150 ml Tetra | B3: MM Apple | C3: 9 | D3: 99 | F3: =E3*H3 -> 0 | G3: =D3+E3 -> 99 | H3: 308.19 | I3: =H3*D3 -> 30510.81 | J3: 326 | K3: =J3*D3 -> 32274 | L3: =G3-'10'!D3 -> 4 | M3: =L3*J3 -> 1304
A4: 150 ml Tetra | B4: MM LMN Fresh | C4: 9 | F4: =E4*H4 -> 0 | G4: =D4+E4 -> 0 | H4: 308.19 | I4: =H4*D4 -> 0 | J4: 326 | K4: =J4*D4 -> 0 | L4: =G4-'10'!D4 -> 0 | M4: =L4*J4 -> 0
A5: 200 ml RGB | B5: Thums up | C5: 10 | D5: 271 | F5: =E5*H5 -> 0 | G5: =D5+E5 -> 271 | H5: 174.77 | I5: =H5*D5 -> 47362.67 | J5: 192 | K5: =J5*D5 -> 52032 | L5: =G5-'10'!D5 -> 16 | M5: =L5*J5 -> 3072
A6: 200 ml RGB | B6: Sprite | C6: 10 | D6: 227 | F6: =E6*H6 -> 0 | G6: =D6+E6 -> 227 | H6: 174.77 | I6: =H6*D6 -> 39672.79 | J6: 192 | K6: =J6*D6 -> 43584 | L6: =G6-'10'!D6 -> 10 | M6: =L6*J6 -> 1920
A7: 200 ml RGB | B7: Limca | C7: 10 | D7: 44 | F7: =E7*H7 -> 0 | G7: =D7+E7 -> 44 | H7: 174.77 | I7: =H7*D7 -> 7689.88 | J7: 192 | K7: =J7*D7 -> 8448 | L7: =G7-'10'!D7 -> 1 | M7: =L7*J7 -> 192
A8: 200 ml RGB | B8: Fanta | C8: 10 | D8: 52 | F8: =E8*H8 -> 0 | G8: =D8+E8 -> 52 | H8: 174.77 | I8: =H8*D8 -> 9088.04 | J8: 192 | K8: =J8*D8 -> 9984 | L8: =G8-'10'!D8 -> 3 | M8: =L8*J8 -> 576
A9: 200 ml RGB | B9: Coke | C9: 10 | D9: 156 | F9: =E9*H9 -> 0 | G9: =D9+E9 -> 156 | H9: 174.77 | I9: =H9*D9 -> 27264.12 | J9: 192 | K9: =J9*D9 -> 29952 | L9: =G9-'10'!D9 -> 2 | M9: =L9*J9 -> 384
A10: 200 ml RGB | B10: Mazza | C10: 14 | F10: =E10*H10 -> 0 | G10: =D10+E10 -> 0 | H10: 259.54 | I10: =H10*D10 -> 0 | J10: 282 | K10: =J10*D10 -> 0 | L10: =G10-'10'!D10 -> 0 | M10: =L10*J10 -> 0
A11: 250 ml PET | B11: Thums up Charge | C11: 20 | D11: 28 | F11: =E11*H11 -> 0 | G11: =D11+E11 -> 28 | H11: 470.8 | I11: =H11*D11 -> 13182.4 | J11: 505 | K11: =J11*D11 -> 14140 | L11: =G11-'10'!D11 -> 2 | M11: =L11*J11 -> 1010
A12: 250 ml PET | B12: Thums up | C12: 20 | D12: 188 | E12: 314 | F12: =E12*H12 -> 149391.78 | G12: =D12+E12 -> 502 | H12: 475.77 | I12: =H12*D12 -> 89444.76 | J12: 505 | K12: =J12*D12 -> 94940 | L12: =G12-'10'!D12 -> 69 | M12: =L12*J12 -> 34845
A13: 250 ml PET | B13: Sprite | C13: 20 | D13: 175 | E13: 130 | F13: =E13*H13 -> 61850.1 | G13: =D13+E13 -> 305 | H13: 475.77 | I13: =H13*D13 -> 83259.75 | J13: 505 | K13: =J13*D13 -> 88375 | L13: =G13-'10'!D13 -> 43 | M13: =L13*J13 -> 21715
A14: 250 ml PET | B14: Limca | C14: 20 | D14: 20 | F14: =E14*H14 -> 0 | G14: =D14+E14 -> 20 | H14: 470.8 | I14: =H14*D14 -> 9416 | J14: 505 | K14: =J14*D14 -> 10100 | L14: =G14-'10'!D14 -> 6 | M14: =L14*J14 -> 3030
A15: 250 ml PET | B15: Fanta | C15: 20 | D15: 34 | F15: =E15*H15 -> 0 | G15: =D15+E15 -> 34 | H15: 470.8 | I15: =H15*D15 -> 16007.2 | J15: 505 | K15: =J15*D15 -> 17170 | L15: =G15-'10'!D15 -> 3 | M15: =L15*J15 -> 1515
A16: 250 ml PET | B16: Coke | C16: 20 | F16: =E16*H16 -> 0 | G16: =D16+E16 -> 0 | H16: 470.8 | I16: =H16*D16 -> 0 | J16: 505 | K16: =J16*D16 -> 0 | L16: =G16-'10'!D16 -> 0 | M16: =L16*J16 -> 0
A17: 250 ml PET | B17: Kinley Soda | C17: 11 | D17: 69 | F17: =E17*H17 -> 0 | G17: =D17+E17 -> 69 | H17: 235.59 | I17: =H17*D17 -> 16255.71 | J17: 250 | K17: =J17*D17 -> 17250 | L17: =G17-'10'!D17 -> 3 | M17: =L17*J17 -> 750
A18: 250 ml PET | B18: RimZim Fiz | C18: 20 | F18: =E18*H18 -> 0 | G18: =D18+E18 -> 0 | H18: 470.8 | I18: =H18*D18 -> 0 | J18: 500 | K18: =J18*D18 -> 0 | L18: =G18-'10'!D18 -> 0 | M18: =L18*J18 -> 0
A19: 250 ml PET | B19: Zero Thums up | C19: 10 | F19: =E19*H19 -> 0 | G19: =D19+E19 -> 0 | H19: 204 | I19: =H19*D19 -> 0 | J19: 230 | K19: =J19*D19 -> 0 | L19: =G19-'10'!D19 -> 0 | M19: =L19*J19 -> 0
A20: 250 ml PET | B20: Zero Sprite | C20: 10 | F20: =E20*H20 -> 0 | G20: =D20+E20 -> 0 | H20: 204 | I20: =H20*D20 -> 0 | J20: 230 | K20: =J20*D20 -> 0 | L20: =G20-'10'!D20 -> 0 | M20: =L20*J20 -> 0
A21: 250 ml PET | B21: Zero Coke | C21: 10 | D21: 28 | F21: =E21*H21 -> 0 | G21: =D21+E21 -> 28 | H21: 204 | I21: =H21*D21 -> 5712 | J21: 230 | K21: =J21*D21 -> 6440 | L21: =G21-'10'!D21 -> 3 | M21: =L21*J21 -> 690
A22: 250 ml PET | B22: Mazza | C22: 19 | D22: 0 | F22: =E22*H22 -> 0 | G22: =D22+E22 -> 0 | H22: 474.46 | I22: =H22*D22 -> 0 | J22: 505 | K22: =J22*D22 -> 0 | L22: =G22-'10'!D22 -> 0 | M22: =L22*J22 -> 0
A23: 250 ml PET | B23: MM Pulpy orange | C23: 24 | D23: 154 | F23: =E23*H23 -> 0 | G23: =D23+E23 -> 154 | H23: 593.92 | I23: =H23*D23 -> 91463.68 | J23: 630 | K23: =J23*D23 -> 97020 | L23: =G23-'10'!D23 -> 18 | M23: =L23*J23 -> 11340
A24: 300 ml RGB | B24: Thums up | C24: 25 | D24: 95 | F24: =E24*H24 -> 0 | G24: =D24+E24 -> 95 | H24: 453.3 | I24: =H24*D24 -> 43063.5 | J24: 493 | K24: =J24*D24 -> 46835 | L24: =G24-'10'!D24 -> 20 | M24: =L24*J24 -> 9860
A25: 300 ml RGB | B25: Sprite | C25: 25 | D25: 30 | F25: =E25*H25 -> 0 | G25: =D25+E25 -> 30 | H25: 453.3 | I25: =H25*D25 -> 13599 | J25: 493 | K25: =J25*D25 -> 14790 | L25: =G25-'10'!D25 -> 10 | M25: =L25*J25 -> 4930
A26: 300 ml RGB | B26: Fanta | C26: 25 | F26: =E26*H26 -> 0 | G26: =D26+E26 -> 0 | H26: 453.3 | I26: =H26*D26 -> 0 | J26: 493 | K26: =J26*D26 -> 0 | L26: =G26-'10'!D26 -> 0 | M26: =L26*J26 -> 0
A27: 300 ml RGB | B27: Coke | C27: 25 | F27: =E27*H27 -> 0 | G27: =D27+E27 -> 0 | H27: 453.3 | I27: =H27*D27 -> 0 | J27: 493 | K27: =J27*D27 -> 0 | L27: =G27-'10'!D27 -> 0 | M27: =L27*J27 -> 0
A28: 300 ml CAN | B28: Thums up | C28: 40 | F28: =E28*H28 -> 0 | G28: =D28+E28 -> 0 | H28: 821.36 | I28: =H28*D28 -> 0 | J28: 878 | K28: =J28*D28 -> 0 | L28: =G28-'10'!D28 -> 0 | M28: =L28*J28 -> 0
A29: 300 ml CAN | B29: Sprite | C29: 40 | F29: =E29*H29 -> 0 | G29: =D29+E29 -> 0 | H29: 821.36 | I29: =H29*D29 -> 0 | J29: 878 | K29: =J29*D29 -> 0 | L29: =G29-'10'!D29 -> 0 | M29: =L29*J29 -> 0
A30: 300 ml CAN | B30: Limca | C30: 40 | F30: =E30*H30 -> 0 | G30: =D30+E30 -> 0 | H30: 817.58 | I30: =H30*D30 -> 0 | J30: 878 | K30: =J30*D30 -> 0 | L30: =G30-'10'!D30 -> 0 | M30: =L30*J30 -> 0
A31: 300 ml CAN | B31: Fanta | C31: 40 | F31: =E31*H31 -> 0 | G31: =D31+E31 -> 0 | H31: 817.58 | I31: =H31*D31 -> 0 | J31: 878 | K31: =J31*D31 -> 0 | L31: =G31-'10'!D31 -> 0 | M31: =L31*J31 -> 0
A32: 300 ml CAN | B32: Coke | C32: 40 | F32: =E32*H32 -> 0 | G32: =D32+E32 -> 0 | H32: 817.58 | I32: =H32*D32 -> 0 | J32: 878 | K32: =J32*D32 -> 0 | L32: =G32-'10'!D32 -> 0 | M32: =L32*J32 -> 0
A33: 300 ml CAN | B33: D'Coke | C33: 40 | F33: =E33*H33 -> 0 | G33: =D33+E33 -> 0 | H33: 817.58 | I33: =H33*D33 -> 0 | J33: 878 | K33: =J33*D33 -> 0 | L33: =G33-'10'!D33 -> 0 | M33: =L33*J33 -> 0
A34: 300 ml CAN | B34: Predator | C34: 60 | D34: 68 | E34: 286 | F34: =E34*H34 -> 298197.9 | G34: =D34+E34 -> 354 | H34: 1042.65 | I34: =H34*D34 -> 70900.2 | J34: 1110 | K34: =J34*D34 -> 75480 | L34: =G34-'10'!D34 -> 22 | M34: =L34*J34 -> 24420
A35: 300 ml | B35: Kinley Water | C35: 7 | D35: 11 | F35: =E35*H35 -> 0 | G35: =D35+E35 -> 11 | H35: 126.24 | I35: =H35*D35 -> 1388.64 | J35: 140 | K35: =J35*D35 -> 1540 | L35: =G35-'10'!D35 -> 0 | M35: =L35*J35 -> 0
A36: 350 ml CAN | B36: Monster | C36: 125 | D36: 28 | F36: =E36*H36 -> 0 | G36: =D36+E36 -> 28 | H36: 2050.54 | I36: =H36*D36 -> 57415.12 | J36: 2175 | K36: =J36*D36 -> 60900 | L36: =G36-'10'!D36 -> 5 | M36: =L36*J36 -> 10875
A37: 400 ml csd | B37: Thums up | C37: 20 | D37: 2 | F37: =E37*H37 -> 0 | G37: =D37+E37 -> 2 | H37: 399.19 | I37: =H37*D37 -> 798.38 | J37: 420 | K37: =J37*D37 -> 840 | L37: =G37-'10'!D37 -> 0 | M37: =L37*J37 -> 0
A38: 400 ml csd | B38: Sprite | C38: 20 | F38: =E38*H38 -> 0 | G38: =D38+E38 -> 0 | H38: 399.19 | I38: =H38*D38 -> 0 | J38: 420 | K38: =J38*D38 -> 0 | L38: =G38-'10'!D38 -> 0 | M38: =L38*J38 -> 0
A39: 400 ml csd | B39: Coke | C39: 20 | F39: =E39*H39 -> 0 | G39: =D39+E39 -> 0 | H39: 399.19 | I39: =H39*D39 -> 0 | J39: 420 | K39: =J39*D39 -> 0 | L39: =G39-'10'!D39 -> 0 | M39: =L39*J39 -> 0
A40: 500 ml | B40: Kinley Water | C40: 9 | D40: 70 | F40: =E40*H40 -> 0 | G40: =D40+E40 -> 70 | H40: 174.19 | I40: =H40*D40 -> 12193.3 | J40: 185 | K40: =J40*D40 -> 12950 | L40: =G40-'10'!D40 -> 0 | M40: =L40*J40 -> 0
A41: 600 ml PET | B41: Mazza | C41: 35 | D41: 21 | F41: =E41*H41 -> 0 | G41: =D41+E41 -> 21 | H41: 748.13 | I41: =H41*D41 -> 15710.73 | J41: 795 | K41: =J41*D41 -> 16695 | L41: =G41-'10'!D41 -> 1 | M41: =L41*J41 -> 795
A42: 740 ml | B42: Thums up | C42: 40 | D42: 1 | E42: 54 | F42: =E42*H42 -> 45514.44 | G42: =D42+E42 -> 55 | H42: 842.86 | I42: =H42*D42 -> 842.86 | J42: 900 | K42: =J42*D42 -> 900 | L42: =G42-'10'!D42 -> 4 | M42: =L42*J42 -> 3600
A43: 740 ml | B43: Sprite | C43: 40 | D43: 24 | F43: =E43*H43 -> 0 | G43: =D43+E43 -> 24 | H43: 842.86 | I43: =H43*D43 -> 20228.64 | J43: 900 | K43: =J43*D43 -> 21600 | L43: =G43-'10'!D43 -> 4 | M43: =L43*J43 -> 3600
A44: 740 ml | B44: Limca | C44: 40 | F44: =E44*H44 -> 0 | G44: =D44+E44 -> 0 | H44: 839.68 | I44: =H44*D44 -> 0 | J44: 900 | K44: =J44*D44 -> 0 | L44: =G44-'10'!D44 -> 0 | M44: =L44*J44 -> 0
A45: 740 ml | B45: Fanta | C45: 40 | F45: =E45*H45 -> 0 | G45: =D45+E45 -> 0 | H45: 839.68 | I45: =H45*D45 -> 0 | J45: 900 | K45: =J45*D45 -> 0 | L45: =G45-'10'!D45 -> 0 | M45: =L45*J45 -> 0
A46: 740 ml | B46: Coke | C46: 40 | F46: =E46*H46 -> 0 | G46: =D46+E46 -> 0 | H46: 839.68 | I46: =H46*D46 -> 0 | J46: 900 | K46: =J46*D46 -> 0 | L46: =G46-'10'!D46 -> 0 | M46: =L46*J46 -> 0
A47: 750 ml | B47: Kinley Soda | C47: 18 | D47: 33 | F47: =E47*H47 -> 0 | G47: =D47+E47 -> 33 | H47: 375.68 | I47: =H47*D47 -> 12397.44 | J47: 400 | K47: =J47*D47 -> 13200 | L47: =G47-'10'!D47 -> 3 | M47: =L47*J47 -> 1200
A48: 850 ml | B48: MM Pulpy orange | C48: 50 | D48: 32 | F48: =E48*H48 -> 0 | G48: =D48+E48 -> 32 | H48: 670.32 | I48: =H48*D48 -> 21450.24 | J48: 710 | K48: =J48*D48 -> 22720 | L48: =G48-'10'!D48 -> 10 | M48: =L48*J48 -> 7100
A49: 1 ltr PET | B49: Thums up | C49: 50 | D49: 17 | E49: 165 | F49: =E49*H49 -> 109101.3 | G49: =D49+E49 -> 182 | H49: 661.22 | I49: =H49*D49 -> 11240.74 | J49: 710 | K49: =J49*D49 -> 12070 | L49: =G49-'10'!D49 -> 18 | M49: =L49*J49 -> 12780
A50: 1 ltr PET | B50: Sprite | C50: 50 | D50: 37 | F50: =E50*H50 -> 0 | G50: =D50+E50 -> 37 | H50: 661.22 | I50: =H50*D50 -> 24465.14 | J50: 710 | K50: =J50*D50 -> 26270 | L50: =G50-'10'!D50 -> 12 | M50: =L50*J50 -> 8520
A51: 1 ltr PET | B51: Limca | C51: 50 | F51: =E51*H51 -> 0 | G51: =D51+E51 -> 0 | H51: 661.22 | I51: =H51*D51 -> 0 | J51: 710 | K51: =J51*D51 -> 0 | L51: =G51-'10'!D51 -> 0 | M51: =L51*J51 -> 0
A52: 1 ltr PET | B52: Fanta | C52: 50 | F52: =E52*H52 -> 0 | G52: =D52+E52 -> 0 | H52: 661.22 | I52: =H52*D52 -> 0 | J52: 710 | K52: =J52*D52 -> 0 | L52: =G52-'10'!D52 -> 0 | M52: =L52*J52 -> 0
A53: 1 ltr PET | B53: Coke | C53: 50 | F53: =E53*H53 -> 0 | G53: =D53+E53 -> 0 | H53: 661.22 | I53: =H53*D53 -> 0 | J53: 710 | K53: =J53*D53 -> 0 | L53: =G53-'10'!D53 -> 0 | M53: =L53*J53 -> 0
A54: 1 ltr PET | B54: MM Pulpy orange | C54: 85 | D54: 3 | F54: =E54*H54 -> 0 | G54: =D54+E54 -> 3 | H54: 797.07 | I54: =H54*D54 -> 2391.21 | J54: 845 | K54: =J54*D54 -> 2535 | L54: =G54-'10'!D54 -> 0 | M54: =L54*J54 -> 0
A55: 1 ltr | B55: Kinley Water | C55: 18 | D55: 1097 | E55: 96 | F55: =E55*H55 -> 15433.92 | G55: =D55+E55 -> 1193 | H55: 160.77 | I55: =H55*D55 -> 176364.69 | J55: 175 | K55: =J55*D55 -> 191975 | L55: =G55-'10'!D55 -> 57 | M55: =L55*J55 -> 9975
A56: 1.2 ltr | B56: Mazza | C56: 70 | D56: 20 | F56: =E56*H56 -> 0 | G56: =D56+E56 -> 20 | H56: 744.99 | I56: =H56*D56 -> 14899.8 | J56: 790 | K56: =J56*D56 -> 15800 | L56: =G56-'10'!D56 -> 1 | M56: =L56*J56 -> 790
A57: 1.25 Ltr PET | B57: Kinley Soda | C57: 30 | F57: =E57*H57 -> 0 | G57: =D57+E57 -> 0 | H57: 316.15 | I57: =H57*D57 -> 0 | J57: 336 | K57: =J57*D57 -> 0 | L57: =G57-'10'!D57 -> 0 | M57: =L57*J57 -> 0
A58: 1.75 ltr | B58: Mazza | C58: 95 | D58: 5 | F58: =E58*H58 -> 0 | G58: =D58+E58 -> 5 | H58: 1042.9 | I58: =H58*D58 -> 5214.5 | J58: 1105 | K58: =J58*D58 -> 5525 | L58: =G58-'10'!D58 -> 3 | M58: =L58*J58 -> 3315
A59: 2 ltr | B59: Kinley Water | C59: 28 | D59: 28 | F59: =E59*H59 -> 0 | G59: =D59+E59 -> 28 | H59: 165.06 | I59: =H59*D59 -> 4621.68 | J59: 180 | K59: =J59*D59 -> 5040 | L59: =G59-'10'!D59 -> 4 | M59: =L59*J59 -> 720
A60: 1.5 ltr PET | B60: Thums up | C60: 70 | F60: =E60*H60 -> 0 | G60: =D60+E60 -> 0 | H60: 721.25 | I60: =H60*D60 -> 0 | J60: 771 | K60: =J60*D60 -> 0 | L60: =G60-'10'!D60 -> 0 | M60: =L60*J60 -> 0
A61: 1.5 ltr PET | B61: Sprite | C61: 70 | F61: =E61*H61 -> 0 | G61: =D61+E61 -> 0 | H61: 721.25 | I61: =H61*D61 -> 0 | J61: 771 | K61: =J61*D61 -> 0 | L61: =G61-'10'!D61 -> 0 | M61: =L61*J61 -> 0
A62: 2.25 Ltr PET | B62: Thums up | C62: 100 | D62: 62 | E62: 168 | F62: =E62*H62 -> 132869.52 | G62: =D62+E62 -> 230 | H62: 790.89 | I62: =H62*D62 -> 49035.18 | J62: 845 | K62: =J62*D62 -> 52390 | L62: =G62-'10'!D62 -> 53 | M62: =L62*J62 -> 44785
A63: 2.25 Ltr PET | B63: Sprite | C63: 100 | D63: 78 | F63: =E63*H63 -> 0 | G63: =D63+E63 -> 78 | H63: 790.89 | I63: =H63*D63 -> 61689.42 | J63: 845 | K63: =J63*D63 -> 65910 | L63: =G63-'10'!D63 -> 36 | M63: =L63*J63 -> 30420
A64: 2.25 Ltr PET | B64: Limca | C64: 100 | F64: =E64*H64 -> 0 | G64: =D64+E64 -> 0 | H64: 790.89 | I64: =H64*D64 -> 0 | J64: 845 | K64: =J64*D64 -> 0 | L64: =G64-'10'!D64 -> 0 | M64: =L64*J64 -> 0
A65: 2.25 Ltr PET | B65: Fanta | C65: 100 | F65: =E65*H65 -> 0 | G65: =D65+E65 -> 0 | H65: 790.89 | I65: =H65*D65 -> 0 | J65: 845 | K65: =J65*D65 -> 0 | L65: =G65-'10'!D65 -> 0 | M65: =L65*J65 -> 0
A66: 2.25 Ltr PET | B66: Coke | C66: 100 | F66: =E66*H66 -> 0 | G66: =D66+E66 -> 0 | H66: 790.89 | I66: =H66*D66 -> 0 | J66: 845 | K66: =J66*D66 -> 0 | L66: =G66-'10'!D66 -> 0 | M66: =L66*J66 -> 0
A67: Total Cases & Amount | D67: =SUM(D2:D66) -> 3741 | E67: =SUM(E2:E66) -> 1213 | F67: =SUM(F2:F66) -> 812358.96 | G67: =SUM(G2:G66) -> 4954 | I67: =SUM(I2:I66) -> 1239968.6 | J67: =SUM(J2:J66) -> 39088 | K67: =SUM(K2:K66) -> 1329158 | L67: =SUM(L2:L66) -> 465 | M67: =SUM(M2:M66) -> 266222

Sheet 10
A1: Pack | B1: Flavour | C1: MRP | D1: Stock PC | E1: Recived pc | F1: Recived invoice | G1: Total PC | H1: Invoce cost | I1: Amount | J1: sale price | K1: Amount | L1: SALE Pc | M1: SALE Amount
A2: 150 ml Tetra | B2: Mazza | C2: 9 | D2: 415 | F2: =E2*H2 -> 0 | G2: =D2+E2 -> 415 | H2: 308.13 | I2: =H2*D2 -> 127873.95 | J2: 326 | K2: =J2*D2 -> 135290 | L2: =G2-'11'!D2 -> 17 | M2: =L2*J2 -> 5542
A3: 150 ml Tetra | B3: MM Apple | C3: 9 | D3: 95 | F3: =E3*H3 -> 0 | G3: =D3+E3 -> 95 | H3: 308.19 | I3: =H3*D3 -> 29278.05 | J3: 326 | K3: =J3*D3 -> 30970 | L3: =G3-'11'!D3 -> 3 | M3: =L3*J3 -> 978
A4: 150 ml Tetra | B4: MM LMN Fresh | C4: 9 | F4: =E4*H4 -> 0 | G4: =D4+E4 -> 0 | H4: 308.19 | I4: =H4*D4 -> 0 | J4: 326 | K4: =J4*D4 -> 0 | L4: =G4-'11'!D4 -> 0 | M4: =L4*J4 -> 0
A5: 200 ml RGB | B5: Thums up | C5: 10 | D5: 255 | F5: =E5*H5 -> 0 | G5: =D5+E5 -> 255 | H5: 174.77 | I5: =H5*D5 -> 44566.35 | J5: 192 | K5: =J5*D5 -> 48960 | L5: =G5-'11'!D5 -> 9 | M5: =L5*J5 -> 1728
A6: 200 ml RGB | B6: Sprite | C6: 10 | D6: 217 | F6: =E6*H6 -> 0 | G6: =D6+E6 -> 217 | H6: 174.77 | I6: =H6*D6 -> 37925.09 | J6: 192 | K6: =J6*D6 -> 41664 | L6: =G6-'11'!D6 -> 3 | M6: =L6*J6 -> 576
A7: 200 ml RGB | B7: Limca | C7: 10 | D7: 43 | F7: =E7*H7 -> 0 | G7: =D7+E7 -> 43 | H7: 174.77 | I7: =H7*D7 -> 7515.11 | J7: 192 | K7: =J7*D7 -> 8256 | L7: =G7-'11'!D7 -> 0 | M7: =L7*J7 -> 0
A8: 200 ml RGB | B8: Fanta | C8: 10 | D8: 49 | F8: =E8*H8 -> 0 | G8: =D8+E8 -> 49 | H8: 174.77 | I8: =H8*D8 -> 8563.73 | J8: 192 | K8: =J8*D8 -> 9408 | L8: =G8-'11'!D8 -> 4 | M8: =L8*J8 -> 768
A9: 200 ml RGB | B9: Coke | C9: 10 | D9: 154 | F9: =E9*H9 -> 0 | G9: =D9+E9 -> 154 | H9: 174.77 | I9: =H9*D9 -> 26914.58 | J9: 192 | K9: =J9*D9 -> 29568 | L9: =G9-'11'!D9 -> 5 | M9: =L9*J9 -> 960
A10: 200 ml RGB | B10: Mazza | C10: 14 | F10: =E10*H10 -> 0 | G10: =D10+E10 -> 0 | H10: 259.54 | I10: =H10*D10 -> 0 | J10: 282 | K10: =J10*D10 -> 0 | L10: =G10-'11'!D10 -> 0 | M10: =L10*J10 -> 0
A11: 250 ml PET | B11: Thums up Charge | C11: 20 | D11: 26 | F11: =E11*H11 -> 0 | G11: =D11+E11 -> 26 | H11: 470.8 | I11: =H11*D11 -> 12240.8 | J11: 505 | K11: =J11*D11 -> 13130 | L11: =G11-'11'!D11 -> 4 | M11: =L11*J11 -> 2020
A12: 250 ml PET | B12: Thums up | C12: 20 | D12: 433 | F12: =E12*H12 -> 0 | G12: =D12+E12 -> 433 | H12: 475.77 | I12: =H12*D12 -> 206008.41 | J12: 505 | K12: =J12*D12 -> 218665 | L12: =G12-'11'!D12 -> 83 | M12: =L12*J12 -> 41915
A13: 250 ml PET | B13: Sprite | C13: 20 | D13: 262 | F13: =E13*H13 -> 0 | G13: =D13+E13 -> 262 | H13: 475.77 | I13: =H13*D13 -> 124651.74 | J13: 505 | K13: =J13*D13 -> 132310 | L13: =G13-'11'!D13 -> 35 | M13: =L13*J13 -> 17675
A14: 250 ml PET | B14: Limca | C14: 20 | D14: 14 | F14: =E14*H14 -> 0 | G14: =D14+E14 -> 14 | H14: 470.8 | I14: =H14*D14 -> 6591.2 | J14: 505 | K14: =J14*D14 -> 7070 | L14: =G14-'11'!D14 -> 10 | M14: =L14*J14 -> 5050
A15: 250 ml PET | B15: Fanta | C15: 20 | D15: 31 | F15: =E15*H15 -> 0 | G15: =D15+E15 -> 31 | H15: 470.8 | I15: =H15*D15 -> 14594.8 | J15: 505 | K15: =J15*D15 -> 15655 | L15: =G15-'11'!D15 -> 9 | M15: =L15*J15 -> 4545
A16: 250 ml PET | B16: Coke | C16: 20 | F16: =E16*H16 -> 0 | G16: =D16+E16 -> 0 | H16: 470.8 | I16: =H16*D16 -> 0 | J16: 505 | K16: =J16*D16 -> 0 | L16: =G16-'11'!D16 -> 0 | M16: =L16*J16 -> 0
A17: 250 ml PET | B17: Kinley Soda | C17: 11 | D17: 66 | F17: =E17*H17 -> 0 | G17: =D17+E17 -> 66 | H17: 235.59 | I17: =H17*D17 -> 15548.94 | J17: 250 | K17: =J17*D17 -> 16500 | L17: =G17-'11'!D17 -> 8 | M17: =L17*J17 -> 2000
A18: 250 ml PET | B18: RimZim Fiz | C18: 20 | F18: =E18*H18 -> 0 | G18: =D18+E18 -> 0 | H18: 470.8 | I18: =H18*D18 -> 0 | J18: 500 | K18: =J18*D18 -> 0 | L18: =G18-'11'!D18 -> 0 | M18: =L18*J18 -> 0
A19: 250 ml PET | B19: Zero Thums up | C19: 10 | F19: =E19*H19 -> 0 | G19: =D19+E19 -> 0 | H19: 204 | I19: =H19*D19 -> 0 | J19: 230 | K19: =J19*D19 -> 0 | L19: =G19-'11'!D19 -> 0 | M19: =L19*J19 -> 0
A20: 250 ml PET | B20: Zero Sprite | C20: 10 | F20: =E20*H20 -> 0 | G20: =D20+E20 -> 0 | H20: 204 | I20: =H20*D20 -> 0 | J20: 230 | K20: =J20*D20 -> 0 | L20: =G20-'11'!D20 -> 0 | M20: =L20*J20 -> 0
A21: 250 ml PET | B21: Zero Coke | C21: 10 | D21: 25 | F21: =E21*H21 -> 0 | G21: =D21+E21 -> 25 | H21: 204 | I21: =H21*D21 -> 5100 | J21: 230 | K21: =J21*D21 -> 5750 | L21: =G21-'11'!D21 -> 0 | M21: =L21*J21 -> 0
A22: 250 ml PET | B22: Mazza | C22: 19 | F22: =E22*H22 -> 0 | G22: =D22+E22 -> 0 | H22: 474.46 | I22: =H22*D22 -> 0 | J22: 505 | K22: =J22*D22 -> 0 | L22: =G22-'11'!D22 -> 0 | M22: =L22*J22 -> 0
A23: 250 ml PET | B23: MM Pulpy orange | C23: 24 | D23: 136 | F23: =E23*H23 -> 0 | G23: =D23+E23 -> 136 | H23: 593.92 | I23: =H23*D23 -> 80773.12 | J23: 630 | K23: =J23*D23 -> 85680 | L23: =G23-'11'!D23 -> 17 | M23: =L23*J23 -> 10710
A24: 300 ml RGB | B24: Thums up | C24: 25 | D24: 75 | F24: =E24*H24 -> 0 | G24: =D24+E24 -> 75 | H24: 453.3 | I24: =H24*D24 -> 33997.5 | J24: 493 | K24: =J24*D24 -> 36975 | L24: =G24-'11'!D24 -> 0 | M24: =L24*J24 -> 0
A25: 300 ml RGB | B25: Sprite | C25: 25 | D25: 20 | F25: =E25*H25 -> 0 | G25: =D25+E25 -> 20 | H25: 453.3 | I25: =H25*D25 -> 9066 | J25: 493 | K25: =J25*D25 -> 9860 | L25: =G25-'11'!D25 -> 0 | M25: =L25*J25 -> 0
A26: 300 ml RGB | B26: Fanta | C26: 25 | F26: =E26*H26 -> 0 | G26: =D26+E26 -> 0 | H26: 453.3 | I26: =H26*D26 -> 0 | J26: 493 | K26: =J26*D26 -> 0 | L26: =G26-'11'!D26 -> 0 | M26: =L26*J26 -> 0
A27: 300 ml RGB | B27: Coke | C27: 25 | F27: =E27*H27 -> 0 | G27: =D27+E27 -> 0 | H27: 453.3 | I27: =H27*D27 -> 0 | J27: 493 | K27: =J27*D27 -> 0 | L27: =G27-'11'!D27 -> 0 | M27: =L27*J27 -> 0
A28: 300 ml CAN | B28: Thums up | C28: 40 | F28: =E28*H28 -> 0 | G28: =D28+E28 -> 0 | H28: 821.36 | I28: =H28*D28 -> 0 | J28: 878 | K28: =J28*D28 -> 0 | L28: =G28-'11'!D28 -> 0 | M28: =L28*J28 -> 0
A29: 300 ml CAN | B29: Sprite | C29: 40 | F29: =E29*H29 -> 0 | G29: =D29+E29 -> 0 | H29: 821.36 | I29: =H29*D29 -> 0 | J29: 878 | K29: =J29*D29 -> 0 | L29: =G29-'11'!D29 -> 0 | M29: =L29*J29 -> 0
A30: 300 ml CAN | B30: Limca | C30: 40 | F30: =E30*H30 -> 0 | G30: =D30+E30 -> 0 | H30: 817.58 | I30: =H30*D30 -> 0 | J30: 878 | K30: =J30*D30 -> 0 | L30: =G30-'11'!D30 -> 0 | M30: =L30*J30 -> 0
A31: 300 ml CAN | B31: Fanta | C31: 40 | F31: =E31*H31 -> 0 | G31: =D31+E31 -> 0 | H31: 817.58 | I31: =H31*D31 -> 0 | J31: 878 | K31: =J31*D31 -> 0 | L31: =G31-'11'!D31 -> 0 | M31: =L31*J31 -> 0
A32: 300 ml CAN | B32: Coke | C32: 40 | F32: =E32*H32 -> 0 | G32: =D32+E32 -> 0 | H32: 817.58 | I32: =H32*D32 -> 0 | J32: 878 | K32: =J32*D32 -> 0 | L32: =G32-'11'!D32 -> 0 | M32: =L32*J32 -> 0
A33: 300 ml CAN | B33: D'Coke | C33: 40 | F33: =E33*H33 -> 0 | G33: =D33+E33 -> 0 | H33: 817.58 | I33: =H33*D33 -> 0 | J33: 878 | K33: =J33*D33 -> 0 | L33: =G33-'11'!D33 -> 0 | M33: =L33*J33 -> 0
A34: 300 ml CAN | B34: Predator | C34: 60 | D34: 332 | F34: =E34*H34 -> 0 | G34: =D34+E34 -> 332 | H34: 1042.65 | I34: =H34*D34 -> 346159.8 | J34: 1110 | K34: =J34*D34 -> 368520 | L34: =G34-'11'!D34 -> 15 | M34: =L34*J34 -> 16650
A35: 300 ml | B35: Kinley Water | C35: 7 | D35: 11 | F35: =E35*H35 -> 0 | G35: =D35+E35 -> 11 | H35: 126.24 | I35: =H35*D35 -> 1388.64 | J35: 140 | K35: =J35*D35 -> 1540 | L35: =G35-'11'!D35 -> 0 | M35: =L35*J35 -> 0
A36: 350 ml CAN | B36: Monster | C36: 125 | D36: 23 | F36: =E36*H36 -> 0 | G36: =D36+E36 -> 23 | H36: 2050.54 | I36: =H36*D36 -> 47162.42 | J36: 2175 | K36: =J36*D36 -> 50025 | L36: =G36-'11'!D36 -> 8 | M36: =L36*J36 -> 17400
A37: 400 ml csd | B37: Thums up | C37: 20 | D37: 2 | F37: =E37*H37 -> 0 | G37: =D37+E37 -> 2 | H37: 399.19 | I37: =H37*D37 -> 798.38 | J37: 420 | K37: =J37*D37 -> 840 | L37: =G37-'11'!D37 -> 0 | M37: =L37*J37 -> 0
A38: 400 ml csd | B38: Sprite | C38: 20 | F38: =E38*H38 -> 0 | G38: =D38+E38 -> 0 | H38: 399.19 | I38: =H38*D38 -> 0 | J38: 420 | K38: =J38*D38 -> 0 | L38: =G38-'11'!D38 -> 0 | M38: =L38*J38 -> 0
A39: 400 ml csd | B39: Coke | C39: 20 | F39: =E39*H39 -> 0 | G39: =D39+E39 -> 0 | H39: 399.19 | I39: =H39*D39 -> 0 | J39: 420 | K39: =J39*D39 -> 0 | L39: =G39-'11'!D39 -> 0 | M39: =L39*J39 -> 0
A40: 500 ml | B40: Kinley Water | C40: 9 | D40: 70 | F40: =E40*H40 -> 0 | G40: =D40+E40 -> 70 | H40: 174.19 | I40: =H40*D40 -> 12193.3 | J40: 185 | K40: =J40*D40 -> 12950 | L40: =G40-'11'!D40 -> 7 | M40: =L40*J40 -> 1295
A41: 600 ml PET | B41: Mazza | C41: 35 | D41: 20 | F41: =E41*H41 -> 0 | G41: =D41+E41 -> 20 | H41: 748.13 | I41: =H41*D41 -> 14962.6 | J41: 795 | K41: =J41*D41 -> 15900 | L41: =G41-'11'!D41 -> 2 | M41: =L41*J41 -> 1590
A42: 740 ml | B42: Thums up | C42: 40 | D42: 51 | F42: =E42*H42 -> 0 | G42: =D42+E42 -> 51 | H42: 842.86 | I42: =H42*D42 -> 42985.86 | J42: 900 | K42: =J42*D42 -> 45900 | L42: =G42-'11'!D42 -> 6 | M42: =L42*J42 -> 5400
A43: 740 ml | B43: Sprite | C43: 40 | D43: 20 | F43: =E43*H43 -> 0 | G43: =D43+E43 -> 20 | H43: 842.86 | I43: =H43*D43 -> 16857.2 | J43: 900 | K43: =J43*D43 -> 18000 | L43: =G43-'11'!D43 -> 3 | M43: =L43*J43 -> 2700
A44: 740 ml | B44: Limca | C44: 40 | F44: =E44*H44 -> 0 | G44: =D44+E44 -> 0 | H44: 839.68 | I44: =H44*D44 -> 0 | J44: 900 | K44: =J44*D44 -> 0 | L44: =G44-'11'!D44 -> 0 | M44: =L44*J44 -> 0
A45: 740 ml | B45: Fanta | C45: 40 | F45: =E45*H45 -> 0 | G45: =D45+E45 -> 0 | H45: 839.68 | I45: =H45*D45 -> 0 | J45: 900 | K45: =J45*D45 -> 0 | L45: =G45-'11'!D45 -> 0 | M45: =L45*J45 -> 0
A46: 740 ml | B46: Coke | C46: 40 | F46: =E46*H46 -> 0 | G46: =D46+E46 -> 0 | H46: 839.68 | I46: =H46*D46 -> 0 | J46: 900 | K46: =J46*D46 -> 0 | L46: =G46-'11'!D46 -> 0 | M46: =L46*J46 -> 0
A47: 750 ml | B47: Kinley Soda | C47: 18 | D47: 30 | F47: =E47*H47 -> 0 | G47: =D47+E47 -> 30 | H47: 375.68 | I47: =H47*D47 -> 11270.4 | J47: 400 | K47: =J47*D47 -> 12000 | L47: =G47-'11'!D47 -> 5 | M47: =L47*J47 -> 2000
A48: 850 ml | B48: MM Pulpy orange | C48: 50 | D48: 22 | F48: =E48*H48 -> 0 | G48: =D48+E48 -> 22 | H48: 670.32 | I48: =H48*D48 -> 14747.04 | J48: 710 | K48: =J48*D48 -> 15620 | L48: =G48-'11'!D48 -> 8 | M48: =L48*J48 -> 5680
A49: 1 ltr PET | B49: Thums up | C49: 50 | D49: 164 | F49: =E49*H49 -> 0 | G49: =D49+E49 -> 164 | H49: 661.22 | I49: =H49*D49 -> 108440.08 | J49: 710 | K49: =J49*D49 -> 116440 | L49: =G49-'11'!D49 -> 22 | M49: =L49*J49 -> 15620
A50: 1 ltr PET | B50: Sprite | C50: 50 | D50: 25 | F50: =E50*H50 -> 0 | G50: =D50+E50 -> 25 | H50: 661.22 | I50: =H50*D50 -> 16530.5 | J50: 710 | K50: =J50*D50 -> 17750 | L50: =G50-'11'!D50 -> 14 | M50: =L50*J50 -> 9940
A51: 1 ltr PET | B51: Limca | C51: 50 | F51: =E51*H51 -> 0 | G51: =D51+E51 -> 0 | H51: 661.22 | I51: =H51*D51 -> 0 | J51: 710 | K51: =J51*D51 -> 0 | L51: =G51-'11'!D51 -> 0 | M51: =L51*J51 -> 0
A52: 1 ltr PET | B52: Fanta | C52: 50 | F52: =E52*H52 -> 0 | G52: =D52+E52 -> 0 | H52: 661.22 | I52: =H52*D52 -> 0 | J52: 710 | K52: =J52*D52 -> 0 | L52: =G52-'11'!D52 -> 0 | M52: =L52*J52 -> 0
A53: 1 ltr PET | B53: Coke | C53: 50 | F53: =E53*H53 -> 0 | G53: =D53+E53 -> 0 | H53: 661.22 | I53: =H53*D53 -> 0 | J53: 710 | K53: =J53*D53 -> 0 | L53: =G53-'11'!D53 -> 0 | M53: =L53*J53 -> 0
A54: 1 ltr PET | B54: MM Pulpy orange | C54: 85 | D54: 3 | F54: =E54*H54 -> 0 | G54: =D54+E54 -> 3 | H54: 797.07 | I54: =H54*D54 -> 2391.21 | J54: 845 | K54: =J54*D54 -> 2535 | L54: =G54-'11'!D54 -> 0 | M54: =L54*J54 -> 0
A55: 1 ltr | B55: Kinley Water | C55: 18 | D55: 1136 | F55: =E55*H55 -> 0 | G55: =D55+E55 -> 1136 | H55: 160.77 | I55: =H55*D55 -> 182634.72 | J55: 175 | K55: =J55*D55 -> 198800 | L55: =G55-'11'!D55 -> 75 | M55: =L55*J55 -> 13125
A56: 1.2 ltr | B56: Mazza | C56: 70 | D56: 19 | F56: =E56*H56 -> 0 | G56: =D56+E56 -> 19 | H56: 744.99 | I56: =H56*D56 -> 14154.81 | J56: 790 | K56: =J56*D56 -> 15010 | L56: =G56-'11'!D56 -> 1 | M56: =L56*J56 -> 790
A57: 1.25 Ltr PET | B57: Kinley Soda | C57: 30 | F57: =E57*H57 -> 0 | G57: =D57+E57 -> 0 | H57: 316.15 | I57: =H57*D57 -> 0 | J57: 336 | K57: =J57*D57 -> 0 | L57: =G57-'11'!D57 -> 0 | M57: =L57*J57 -> 0
A58: 1.75 ltr | B58: Mazza | C58: 95 | D58: 2 | F58: =E58*H58 -> 0 | G58: =D58+E58 -> 2 | H58: 1042.9 | I58: =H58*D58 -> 2085.8 | J58: 1105 | K58: =J58*D58 -> 2210 | L58: =G58-'11'!D58 -> 1 | M58: =L58*J58 -> 1105
A59: 2 ltr | B59: Kinley Water | C59: 28 | D59: 24 | F59: =E59*H59 -> 0 | G59: =D59+E59 -> 24 | H59: 165.06 | I59: =H59*D59 -> 3961.44 | J59: 180 | K59: =J59*D59 -> 4320 | L59: =G59-'11'!D59 -> 9 | M59: =L59*J59 -> 1620
A60: 1.5 ltr PET | B60: Thums up | C60: 70 | F60: =E60*H60 -> 0 | G60: =D60+E60 -> 0 | H60: 721.25 | I60: =H60*D60 -> 0 | J60: 771 | K60: =J60*D60 -> 0 | L60: =G60-'11'!D60 -> 0 | M60: =L60*J60 -> 0
A61: 1.5 ltr PET | B61: Sprite | C61: 70 | F61: =E61*H61 -> 0 | G61: =D61+E61 -> 0 | H61: 721.25 | I61: =H61*D61 -> 0 | J61: 771 | K61: =J61*D61 -> 0 | L61: =G61-'11'!D61 -> 0 | M61: =L61*J61 -> 0
A62: 2.25 Ltr PET | B62: Thums up | C62: 100 | D62: 177 | F62: =E62*H62 -> 0 | G62: =D62+E62 -> 177 | H62: 790.89 | I62: =H62*D62 -> 139987.53 | J62: 845 | K62: =J62*D62 -> 149565 | L62: =G62-'11'!D62 -> 62 | M62: =L62*J62 -> 52390
A63: 2.25 Ltr PET | B63: Sprite | C63: 100 | D63: 42 | F63: =E63*H63 -> 0 | G63: =D63+E63 -> 42 | H63: 790.89 | I63: =H63*D63 -> 33217.38 | J63: 845 | K63: =J63*D63 -> 35490 | L63: =G63-'11'!D63 -> 40 | M63: =L63*J63 -> 33800
A64: 2.25 Ltr PET | B64: Limca | C64: 100 | F64: =E64*H64 -> 0 | G64: =D64+E64 -> 0 | H64: 790.89 | I64: =H64*D64 -> 0 | J64: 845 | K64: =J64*D64 -> 0 | L64: =G64-'11'!D64 -> 0 | M64: =L64*J64 -> 0
A65: 2.25 Ltr PET | B65: Fanta | C65: 100 | F65: =E65*H65 -> 0 | G65: =D65+E65 -> 0 | H65: 790.89 | I65: =H65*D65 -> 0 | J65: 845 | K65: =J65*D65 -> 0 | L65: =G65-'11'!D65 -> 0 | M65: =L65*J65 -> 0
A66: 2.25 Ltr PET | B66: Coke | C66: 100 | F66: =E66*H66 -> 0 | G66: =D66+E66 -> 0 | H66: 790.89 | I66: =H66*D66 -> 0 | J66: 845 | K66: =J66*D66 -> 0 | L66: =G66-'11'!D66 -> 0 | M66: =L66*J66 -> 0
A67: Total Cases & Amount | D67: =SUM(D2:D66) -> 4489 | E67: =SUM(E2:E66) -> 0 | F67: =SUM(F2:F66) -> 0 | G67: =SUM(G2:G66) -> 4489 | I67: =SUM(I2:I66) -> 1803138.5 | J67: =SUM(J2:J66) -> 39088 | K67: =SUM(K2:K66) -> 1929126 | L67: =SUM(L2:L66) -> 485 | M67: =SUM(M2:M66) -> 275572

Sheet 11
A1: Pack | B1: Flavour | C1: MRP | D1: Stock PC | E1: Recived pc | F1: Recived invoice | G1: Total PC | H1: Invoce cost | I1: Amount | J1: sale price | K1: Amount | L1: SALE Pc | M1: SALE Amount
A2: 150 ml Tetra | B2: Mazza | C2: 9 | D2: 398 | F2: =E2*H2 -> 0 | G2: =D2+E2 -> 398 | H2: 308.13 | I2: =H2*D2 -> 122635.74 | J2: 326 | K2: =J2*D2 -> 129748 | L2: 0 | M2: =L2*J2 -> 0
A3: 150 ml Tetra | B3: MM Apple | C3: 9 | D3: 92 | F3: =E3*H3 -> 0 | G3: =D3+E3 -> 92 | H3: 308.19 | I3: =H3*D3 -> 28353.48 | J3: 326 | K3: =J3*D3 -> 29992 | L3: 0 | M3: =L3*J3 -> 0
A4: 150 ml Tetra | B4: MM LMN Fresh | C4: 9 | F4: =E4*H4 -> 0 | G4: =D4+E4 -> 0 | H4: 308.19 | I4: =H4*D4 -> 0 | J4: 326 | K4: =J4*D4 -> 0 | L4: 0 | M4: =L4*J4 -> 0
A5: 200 ml RGB | B5: Thums up | C5: 10 | D5: 246 | F5: =E5*H5 -> 0 | G5: =D5+E5 -> 246 | H5: 174.77 | I5: =H5*D5 -> 42993.42 | J5: 192 | K5: =J5*D5 -> 47232 | L5: 0 | M5: =L5*J5 -> 0
A6: 200 ml RGB | B6: Sprite | C6: 10 | D6: 214 | F6: =E6*H6 -> 0 | G6: =D6+E6 -> 214 | H6: 174.77 | I6: =H6*D6 -> 37400.78 | J6: 192 | K6: =J6*D6 -> 41088 | L6: 0 | M6: =L6*J6 -> 0
A7: 200 ml RGB | B7: Limca | C7: 10 | D7: 43 | F7: =E7*H7 -> 0 | G7: =D7+E7 -> 43 | H7: 174.77 | I7: =H7*D7 -> 7515.11 | J7: 192 | K7: =J7*D7 -> 8256 | L7: 0 | M7: =L7*J7 -> 0
A8: 200 ml RGB | B8: Fanta | C8: 10 | D8: 45 | F8: =E8*H8 -> 0 | G8: =D8+E8 -> 45 | H8: 174.77 | I8: =H8*D8 -> 7864.65 | J8: 192 | K8: =J8*D8 -> 8640 | L8: 0 | M8: =L8*J8 -> 0
A9: 200 ml RGB | B9: Coke | C9: 10 | D9: 149 | F9: =E9*H9 -> 0 | G9: =D9+E9 -> 149 | H9: 174.77 | I9: =H9*D9 -> 26040.73 | J9: 192 | K9: =J9*D9 -> 28608 | L9: 0 | M9: =L9*J9 -> 0
A10: 200 ml RGB | B10: Mazza | C10: 14 | F10: =E10*H10 -> 0 | G10: =D10+E10 -> 0 | H10: 259.54 | I10: =H10*D10 -> 0 | J10: 282 | K10: =J10*D10 -> 0 | L10: 0 | M10: =L10*J10 -> 0
A11: 250 ml PET | B11: Thums up Charge | C11: 20 | D11: 22 | F11: =E11*H11 -> 0 | G11: =D11+E11 -> 22 | H11: 470.8 | I11: =H11*D11 -> 10357.6 | J11: 505 | K11: =J11*D11 -> 11110 | L11: 0 | M11: =L11*J11 -> 0
A12: 250 ml PET | B12: Thums up | C12: 20 | D12: 350 | F12: =E12*H12 -> 0 | G12: =D12+E12 -> 350 | H12: 475.77 | I12: =H12*D12 -> 166519.5 | J12: 505 | K12: =J12*D12 -> 176750 | L12: 0 | M12: =L12*J12 -> 0
A13: 250 ml PET | B13: Sprite | C13: 20 | D13: 227 | F13: =E13*H13 -> 0 | G13: =D13+E13 -> 227 | H13: 475.77 | I13: =H13*D13 -> 107999.79 | J13: 505 | K13: =J13*D13 -> 114635 | L13: 0 | M13: =L13*J13 -> 0
A14: 250 ml PET | B14: Limca | C14: 20 | D14: 4 | F14: =E14*H14 -> 0 | G14: =D14+E14 -> 4 | H14: 470.8 | I14: =H14*D14 -> 1883.2 | J14: 505 | K14: =J14*D14 -> 2020 | L14: 0 | M14: =L14*J14 -> 0
A15: 250 ml PET | B15: Fanta | C15: 20 | D15: 22 | F15: =E15*H15 -> 0 | G15: =D15+E15 -> 22 | H15: 470.8 | I15: =H15*D15 -> 10357.6 | J15: 505 | K15: =J15*D15 -> 11110 | L15: 0 | M15: =L15*J15 -> 0
A16: 250 ml PET | B16: Coke | C16: 20 | F16: =E16*H16 -> 0 | G16: =D16+E16 -> 0 | H16: 470.8 | I16: =H16*D16 -> 0 | J16: 505 | K16: =J16*D16 -> 0 | L16: 0 | M16: =L16*J16 -> 0
A17: 250 ml PET | B17: Kinley Soda | C17: 11 | D17: 58 | F17: =E17*H17 -> 0 | G17: =D17+E17 -> 58 | H17: 235.59 | I17: =H17*D17 -> 13664.22 | J17: 250 | K17: =J17*D17 -> 14500 | L17: 0 | M17: =L17*J17 -> 0
A18: 250 ml PET | B18: RimZim Fiz | C18: 20 | F18: =E18*H18 -> 0 | G18: =D18+E18 -> 0 | H18: 470.8 | I18: =H18*D18 -> 0 | J18: 500 | K18: =J18*D18 -> 0 | L18: 0 | M18: =L18*J18 -> 0
A19: 250 ml PET | B19: Zero Thums up | C19: 10 | F19: =E19*H19 -> 0 | G19: =D19+E19 -> 0 | H19: 204 | I19: =H19*D19 -> 0 | J19: 230 | K19: =J19*D19 -> 0 | L19: 0 | M19: =L19*J19 -> 0
A20: 250 ml PET | B20: Zero Sprite | C20: 10 | F20: =E20*H20 -> 0 | G20: =D20+E20 -> 0 | H20: 204 | I20: =H20*D20 -> 0 | J20: 230 | K20: =J20*D20 -> 0 | L20: 0 | M20: =L20*J20 -> 0
A21: 250 ml PET | B21: Zero Coke | C21: 10 | D21: 25 | F21: =E21*H21 -> 0 | G21: =D21+E21 -> 25 | H21: 204 | I21: =H21*D21 -> 5100 | J21: 230 | K21: =J21*D21 -> 5750 | L21: 0 | M21: =L21*J21 -> 0
A22: 250 ml PET | B22: Mazza | C22: 19 | F22: =E22*H22 -> 0 | G22: =D22+E22 -> 0 | H22: 474.46 | I22: =H22*D22 -> 0 | J22: 505 | K22: =J22*D22 -> 0 | L22: 0 | M22: =L22*J22 -> 0
A23: 250 ml PET | B23: MM Pulpy orange | C23: 24 | D23: 119 | F23: =E23*H23 -> 0 | G23: =D23+E23 -> 119 | H23: 593.92 | I23: =H23*D23 -> 70676.48 | J23: 630 | K23: =J23*D23 -> 74970 | L23: 0 | M23: =L23*J23 -> 0
A24: 300 ml RGB | B24: Thums up | C24: 25 | D24: 75 | F24: =E24*H24 -> 0 | G24: =D24+E24 -> 75 | H24: 453.3 | I24: =H24*D24 -> 33997.5 | J24: 493 | K24: =J24*D24 -> 36975 | L24: 0 | M24: =L24*J24 -> 0
A25: 300 ml RGB | B25: Sprite | C25: 25 | D25: 20 | F25: =E25*H25 -> 0 | G25: =D25+E25 -> 20 | H25: 453.3 | I25: =H25*D25 -> 9066 | J25: 493 | K25: =J25*D25 -> 9860 | L25: 0 | M25: =L25*J25 -> 0
A26: 300 ml RGB | B26: Fanta | C26: 25 | F26: =E26*H26 -> 0 | G26: =D26+E26 -> 0 | H26: 453.3 | I26: =H26*D26 -> 0 | J26: 493 | K26: =J26*D26 -> 0 | L26: 0 | M26: =L26*J26 -> 0
A27: 300 ml RGB | B27: Coke | C27: 25 | F27: =E27*H27 -> 0 | G27: =D27+E27 -> 0 | H27: 453.3 | I27: =H27*D27 -> 0 | J27: 493 | K27: =J27*D27 -> 0 | L27: 0 | M27: =L27*J27 -> 0
A28: 300 ml CAN | B28: Thums up | C28: 40 | F28: =E28*H28 -> 0 | G28: =D28+E28 -> 0 | H28: 821.36 | I28: =H28*D28 -> 0 | J28: 878 | K28: =J28*D28 -> 0 | L28: 0 | M28: =L28*J28 -> 0
A29: 300 ml CAN | B29: Sprite | C29: 40 | F29: =E29*H29 -> 0 | G29: =D29+E29 -> 0 | H29: 821.36 | I29: =H29*D29 -> 0 | J29: 878 | K29: =J29*D29 -> 0 | L29: 0 | M29: =L29*J29 -> 0
A30: 300 ml CAN | B30: Limca | C30: 40 | F30: =E30*H30 -> 0 | G30: =D30+E30 -> 0 | H30: 817.58 | I30: =H30*D30 -> 0 | J30: 878 | K30: =J30*D30 -> 0 | L30: 0 | M30: =L30*J30 -> 0
A31: 300 ml CAN | B31: Fanta | C31: 40 | F31: =E31*H31 -> 0 | G31: =D31+E31 -> 0 | H31: 817.58 | I31: =H31*D31 -> 0 | J31: 878 | K31: =J31*D31 -> 0 | L31: 0 | M31: =L31*J31 -> 0
A32: 300 ml CAN | B32: Coke | C32: 40 | F32: =E32*H32 -> 0 | G32: =D32+E32 -> 0 | H32: 817.58 | I32: =H32*D32 -> 0 | J32: 878 | K32: =J32*D32 -> 0 | L32: 0 | M32: =L32*J32 -> 0
A33: 300 ml CAN | B33: D'Coke | C33: 40 | F33: =E33*H33 -> 0 | G33: =D33+E33 -> 0 | H33: 817.58 | I33: =H33*D33 -> 0 | J33: 878 | K33: =J33*D33 -> 0 | L33: 0 | M33: =L33*J33 -> 0
A34: 300 ml CAN | B34: Predator | C34: 60 | D34: 317 | F34: =E34*H34 -> 0 | G34: =D34+E34 -> 317 | H34: 1042.65 | I34: =H34*D34 -> 330520.05 | J34: 1110 | K34: =J34*D34 -> 351870 | L34: 0 | M34: =L34*J34 -> 0
A35: 300 ml | B35: Kinley Water | C35: 7 | D35: 11 | F35: =E35*H35 -> 0 | G35: =D35+E35 -> 11 | H35: 126.24 | I35: =H35*D35 -> 1388.64 | J35: 140 | K35: =J35*D35 -> 1540 | L35: 0 | M35: =L35*J35 -> 0
A36: 350 ml CAN | B36: Monster | C36: 125 | D36: 15 | F36: =E36*H36 -> 0 | G36: =D36+E36 -> 15 | H36: 2050.54 | I36: =H36*D36 -> 30758.1 | J36: 2175 | K36: =J36*D36 -> 32625 | L36: 0 | M36: =L36*J36 -> 0
A37: 400 ml csd | B37: Thums up | C37: 20 | D37: 2 | F37: =E37*H37 -> 0 | G37: =D37+E37 -> 2 | H37: 399.19 | I37: =H37*D37 -> 798.38 | J37: 420 | K37: =J37*D37 -> 840 | L37: 0 | M37: =L37*J37 -> 0
A38: 400 ml csd | B38: Sprite | C38: 20 | F38: =E38*H38 -> 0 | G38: =D38+E38 -> 0 | H38: 399.19 | I38: =H38*D38 -> 0 | J38: 420 | K38: =J38*D38 -> 0 | L38: 0 | M38: =L38*J38 -> 0
A39: 400 ml csd | B39: Coke | C39: 20 | F39: =E39*H39 -> 0 | G39: =D39+E39 -> 0 | H39: 399.19 | I39: =H39*D39 -> 0 | J39: 420 | K39: =J39*D39 -> 0 | L39: 0 | M39: =L39*J39 -> 0
A40: 500 ml | B40: Kinley Water | C40: 9 | D40: 63 | F40: =E40*H40 -> 0 | G40: =D40+E40 -> 63 | H40: 174.19 | I40: =H40*D40 -> 10973.97 | J40: 185 | K40: =J40*D40 -> 11655 | L40: 0 | M40: =L40*J40 -> 0
A41: 600 ml PET | B41: Mazza | C41: 35 | D41: 18 | F41: =E41*H41 -> 0 | G41: =D41+E41 -> 18 | H41: 748.13 | I41: =H41*D41 -> 13466.34 | J41: 795 | K41: =J41*D41 -> 14310 | L41: 0 | M41: =L41*J41 -> 0
A42: 740 ml | B42: Thums up | C42: 40 | D42: 45 | F42: =E42*H42 -> 0 | G42: =D42+E42 -> 45 | H42: 842.86 | I42: =H42*D42 -> 37928.7 | J42: 900 | K42: =J42*D42 -> 40500 | L42: 0 | M42: =L42*J42 -> 0
A43: 740 ml | B43: Sprite | C43: 40 | D43: 17 | F43: =E43*H43 -> 0 | G43: =D43+E43 -> 17 | H43: 842.86 | I43: =H43*D43 -> 14328.62 | J43: 900 | K43: =J43*D43 -> 15300 | L43: 0 | M43: =L43*J43 -> 0
A44: 740 ml | B44: Limca | C44: 40 | F44: =E44*H44 -> 0 | G44: =D44+E44 -> 0 | H44: 839.68 | I44: =H44*D44 -> 0 | J44: 900 | K44: =J44*D44 -> 0 | L44: 0 | M44: =L44*J44 -> 0
A45: 740 ml | B45: Fanta | C45: 40 | F45: =E45*H45 -> 0 | G45: =D45+E45 -> 0 | H45: 839.68 | I45: =H45*D45 -> 0 | J45: 900 | K45: =J45*D45 -> 0 | L45: 0 | M45: =L45*J45 -> 0
A46: 740 ml | B46: Coke | C46: 40 | F46: =E46*H46 -> 0 | G46: =D46+E46 -> 0 | H46: 839.68 | I46: =H46*D46 -> 0 | J46: 900 | K46: =J46*D46 -> 0 | L46: 0 | M46: =L46*J46 -> 0
A47: 750 ml | B47: Kinley Soda | C47: 18 | D47: 25 | F47: =E47*H47 -> 0 | G47: =D47+E47 -> 25 | H47: 375.68 | I47: =H47*D47 -> 9392 | J47: 400 | K47: =J47*D47 -> 10000 | L47: 0 | M47: =L47*J47 -> 0
A48: 850 ml | B48: MM Pulpy orange | C48: 50 | D48: 14 | F48: =E48*H48 -> 0 | G48: =D48+E48 -> 14 | H48: 670.32 | I48: =H48*D48 -> 9384.48 | J48: 710 | K48: =J48*D48 -> 9940 | L48: 0 | M48: =L48*J48 -> 0
A49: 1 ltr PET | B49: Thums up | C49: 50 | D49: 142 | F49: =E49*H49 -> 0 | G49: =D49+E49 -> 142 | H49: 661.22 | I49: =H49*D49 -> 93893.24 | J49: 710 | K49: =J49*D49 -> 100820 | L49: 0 | M49: =L49*J49 -> 0
A50: 1 ltr PET | B50: Sprite | C50: 50 | D50: 11 | F50: =E50*H50 -> 0 | G50: =D50+E50 -> 11 | H50: 661.22 | I50: =H50*D50 -> 7273.42 | J50: 710 | K50: =J50*D50 -> 7810 | L50: 0 | M50: =L50*J50 -> 0
A51: 1 ltr PET | B51: Limca | C51: 50 | F51: =E51*H51 -> 0 | G51: =D51+E51 -> 0 | H51: 661.22 | I51: =H51*D51 -> 0 | J51: 710 | K51: =J51*D51 -> 0 | L51: 0 | M51: =L51*J51 -> 0
A52: 1 ltr PET | B52: Fanta | C52: 50 | F52: =E52*H52 -> 0 | G52: =D52+E52 -> 0 | H52: 661.22 | I52: =H52*D52 -> 0 | J52: 710 | K52: =J52*D52 -> 0 | L52: 0 | M52: =L52*J52 -> 0
A53: 1 ltr PET | B53: Coke | C53: 50 | F53: =E53*H53 -> 0 | G53: =D53+E53 -> 0 | H53: 661.22 | I53: =H53*D53 -> 0 | J53: 710 | K53: =J53*D53 -> 0 | L53: 0 | M53: =L53*J53 -> 0
A54: 1 ltr PET | B54: MM Pulpy orange | C54: 85 | D54: 3 | F54: =E54*H54 -> 0 | G54: =D54+E54 -> 3 | H54: 797.07 | I54: =H54*D54 -> 2391.21 | J54: 845 | K54: =J54*D54 -> 2535 | L54: 0 | M54: =L54*J54 -> 0
A55: 1 ltr | B55: Kinley Water | C55: 18 | D55: 1061 | F55: =E55*H55 -> 0 | G55: =D55+E55 -> 1061 | H55: 160.77 | I55: =H55*D55 -> 170576.97 | J55: 175 | K55: =J55*D55 -> 185675 | L55: 0 | M55: =L55*J55 -> 0
A56: 1.2 ltr | B56: Mazza | C56: 70 | D56: 18 | F56: =E56*H56 -> 0 | G56: =D56+E56 -> 18 | H56: 744.99 | I56: =H56*D56 -> 13409.82 | J56: 790 | K56: =J56*D56 -> 14220 | L56: 0 | M56: =L56*J56 -> 0
A57: 1.25 Ltr PET | B57: Kinley Soda | C57: 30 | F57: =E57*H57 -> 0 | G57: =D57+E57 -> 0 | H57: 316.15 | I57: =H57*D57 -> 0 | J57: 336 | K57: =J57*D57 -> 0 | L57: 0 | M57: =L57*J57 -> 0
A58: 1.75 ltr | B58: Mazza | C58: 95 | D58: 1 | F58: =E58*H58 -> 0 | G58: =D58+E58 -> 1 | H58: 1042.9 | I58: =H58*D58 -> 1042.9 | J58: 1105 | K58: =J58*D58 -> 1105 | L58: 0 | M58: =L58*J58 -> 0
A59: 2 ltr | B59: Kinley Water | C59: 28 | D59: 15 | F59: =E59*H59 -> 0 | G59: =D59+E59 -> 15 | H59: 165.06 | I59: =H59*D59 -> 2475.9 | J59: 180 | K59: =J59*D59 -> 2700 | L59: 0 | M59: =L59*J59 -> 0
A60: 1.5 ltr PET | B60: Thums up | C60: 70 | F60: =E60*H60 -> 0 | G60: =D60+E60 -> 0 | H60: 721.25 | I60: =H60*D60 -> 0 | J60: 771 | K60: =J60*D60 -> 0 | L60: 0 | M60: =L60*J60 -> 0
A61: 1.5 ltr PET | B61: Sprite | C61: 70 | F61: =E61*H61 -> 0 | G61: =D61+E61 -> 0 | H61: 721.25 | I61: =H61*D61 -> 0 | J61: 771 | K61: =J61*D61 -> 0 | L61: 0 | M61: =L61*J61 -> 0
A62: 2.25 Ltr PET | B62: Thums up | C62: 100 | D62: 115 | F62: =E62*H62 -> 0 | G62: =D62+E62 -> 115 | H62: 790.89 | I62: =H62*D62 -> 90952.35 | J62: 845 | K62: =J62*D62 -> 97175 | L62: 0 | M62: =L62*J62 -> 0
A63: 2.25 Ltr PET | B63: Sprite | C63: 100 | D63: 2 | F63: =E63*H63 -> 0 | G63: =D63+E63 -> 2 | H63: 790.89 | I63: =H63*D63 -> 1581.78 | J63: 845 | K63: =J63*D63 -> 1690 | L63: 0 | M63: =L63*J63 -> 0
A64: 2.25 Ltr PET | B64: Limca | C64: 100 | F64: =E64*H64 -> 0 | G64: =D64+E64 -> 0 | H64: 790.89 | I64: =H64*D64 -> 0 | J64: 845 | K64: =J64*D64 -> 0 | L64: 0 | M64: =L64*J64 -> 0
A65: 2.25 Ltr PET | B65: Fanta | C65: 100 | F65: =E65*H65 -> 0 | G65: =D65+E65 -> 0 | H65: 790.89 | I65: =H65*D65 -> 0 | J65: 845 | K65: =J65*D65 -> 0 | L65: 0 | M65: =L65*J65 -> 0
A66: 2.25 Ltr PET | B66: Coke | C66: 100 | F66: =E66*H66 -> 0 | G66: =D66+E66 -> 0 | H66: 790.89 | I66: =H66*D66 -> 0 | J66: 845 | K66: =J66*D66 -> 0 | L66: 0 | M66: =L66*J66 -> 0
A67: Total Cases & Amount | D67: =SUM(D2:D66) -> 4004 | E67: =SUM(E2:E66) -> 0 | F67: =SUM(F2:F66) -> 0 | G67: =SUM(G2:G66) -> 4004 | I67: =SUM(I2:I66) -> 1544962.7 | J67: =SUM(J2:J66) -> 39088 | K67: =SUM(K2:K66) -> 1653554 | L67: =SUM(L2:L66) -> 0 | M67: =SUM(M2:M66) -> 0

Sheet 12
A1: Pack | B1: Flavour | C1: MRP | D1: Stock PC | E1: Recived pc | F1: Recived invoice | G1: Total PC | H1: Invoce cost | I1: Amount | J1: sale price | K1: Amount | L1: SALE Pc | M1: SALE Amount
A2: 150 ml Tetra | B2: Mazza | C2: 9 | D2: 398 | F2: =E2*H2 -> 0 | G2: =D2+E2 -> 398 | H2: 308.13 | I2: =H2*D2 -> 122635.74 | J2: 326 | K2: =J2*D2 -> 129748 | L2: =G2-'13'!D2 -> 12 | M2: =L2*J2 -> 3912
A3: 150 ml Tetra | B3: MM Apple | C3: 9 | D3: 92 | F3: =E3*H3 -> 0 | G3: =D3+E3 -> 92 | H3: 308.19 | I3: =H3*D3 -> 28353.48 | J3: 326 | K3: =J3*D3 -> 29992 | L3: =G3-'13'!D3 -> 0 | M3: =L3*J3 -> 0
A4: 150 ml Tetra | B4: MM LMN Fresh | C4: 9 | F4: =E4*H4 -> 0 | G4: =D4+E4 -> 0 | H4: 308.19 | I4: =H4*D4 -> 0 | J4: 326 | K4: =J4*D4 -> 0 | L4: =G4-'13'!D4 -> 0 | M4: =L4*J4 -> 0
A5: 200 ml RGB | B5: Thums up | C5: 10 | D5: 246 | F5: =E5*H5 -> 0 | G5: =D5+E5 -> 246 | H5: 174.77 | I5: =H5*D5 -> 42993.42 | J5: 192 | K5: =J5*D5 -> 47232 | L5: =G5-'13'!D5 -> 19 | M5: =L5*J5 -> 3648
A6: 200 ml RGB | B6: Sprite | C6: 10 | D6: 214 | F6: =E6*H6 -> 0 | G6: =D6+E6 -> 214 | H6: 174.77 | I6: =H6*D6 -> 37400.78 | J6: 192 | K6: =J6*D6 -> 41088 | L6: =G6-'13'!D6 -> 13 | M6: =L6*J6 -> 2496
A7: 200 ml RGB | B7: Limca | C7: 10 | D7: 43 | F7: =E7*H7 -> 0 | G7: =D7+E7 -> 43 | H7: 174.77 | I7: =H7*D7 -> 7515.11 | J7: 192 | K7: =J7*D7 -> 8256 | L7: =G7-'13'!D7 -> 3 | M7: =L7*J7 -> 576
A8: 200 ml RGB | B8: Fanta | C8: 10 | D8: 45 | F8: =E8*H8 -> 0 | G8: =D8+E8 -> 45 | H8: 174.77 | I8: =H8*D8 -> 7864.65 | J8: 192 | K8: =J8*D8 -> 8640 | L8: =G8-'13'!D8 -> 1 | M8: =L8*J8 -> 192
A9: 200 ml RGB | B9: Coke | C9: 10 | D9: 149 | F9: =E9*H9 -> 0 | G9: =D9+E9 -> 149 | H9: 174.77 | I9: =H9*D9 -> 26040.73 | J9: 192 | K9: =J9*D9 -> 28608 | L9: =G9-'13'!D9 -> 8 | M9: =L9*J9 -> 1536
A10: 200 ml RGB | B10: Mazza | C10: 14 | F10: =E10*H10 -> 0 | G10: =D10+E10 -> 0 | H10: 259.54 | I10: =H10*D10 -> 0 | J10: 282 | K10: =J10*D10 -> 0 | L10: =G10-'13'!D10 -> 0 | M10: =L10*J10 -> 0
A11: 250 ml PET | B11: Thums up Charge | C11: 20 | D11: 22 | F11: =E11*H11 -> 0 | G11: =D11+E11 -> 22 | H11: 470.8 | I11: =H11*D11 -> 10357.6 | J11: 505 | K11: =J11*D11 -> 11110 | L11: =G11-'13'!D11 -> 2 | M11: =L11*J11 -> 1010
A12: 250 ml PET | B12: Thums up | C12: 20 | D12: 350 | F12: =E12*H12 -> 0 | G12: =D12+E12 -> 350 | H12: 475.77 | I12: =H12*D12 -> 166519.5 | J12: 505 | K12: =J12*D12 -> 176750 | L12: =G12-'13'!D12 -> 70 | M12: =L12*J12 -> 35350
A13: 250 ml PET | B13: Sprite | C13: 20 | D13: 227 | F13: =E13*H13 -> 0 | G13: =D13+E13 -> 227 | H13: 475.77 | I13: =H13*D13 -> 107999.79 | J13: 505 | K13: =J13*D13 -> 114635 | L13: =G13-'13'!D13 -> 37 | M13: =L13*J13 -> 18685
A14: 250 ml PET | B14: Limca | C14: 20 | D14: 4 | F14: =E14*H14 -> 0 | G14: =D14+E14 -> 4 | H14: 470.8 | I14: =H14*D14 -> 1883.2 | J14: 505 | K14: =J14*D14 -> 2020 | L14: =G14-'13'!D14 -> 4 | M14: =L14*J14 -> 2020
A15: 250 ml PET | B15: Fanta | C15: 20 | D15: 22 | F15: =E15*H15 -> 0 | G15: =D15+E15 -> 22 | H15: 470.8 | I15: =H15*D15 -> 10357.6 | J15: 505 | K15: =J15*D15 -> 11110 | L15: =G15-'13'!D15 -> 7 | M15: =L15*J15 -> 3535
A16: 250 ml PET | B16: Coke | C16: 20 | F16: =E16*H16 -> 0 | G16: =D16+E16 -> 0 | H16: 470.8 | I16: =H16*D16 -> 0 | J16: 505 | K16: =J16*D16 -> 0 | L16: =G16-'13'!D16 -> 0 | M16: =L16*J16 -> 0
A17: 250 ml PET | B17: Kinley Soda | C17: 11 | D17: 58 | F17: =E17*H17 -> 0 | G17: =D17+E17 -> 58 | H17: 235.59 | I17: =H17*D17 -> 13664.22 | J17: 250 | K17: =J17*D17 -> 14500 | L17: =G17-'13'!D17 -> 7 | M17: =L17*J17 -> 1750
A18: 250 ml PET | B18: RimZim Fiz | C18: 20 | F18: =E18*H18 -> 0 | G18: =D18+E18 -> 0 | H18: 470.8 | I18: =H18*D18 -> 0 | J18: 500 | K18: =J18*D18 -> 0 | L18: =G18-'13'!D18 -> 0 | M18: =L18*J18 -> 0
A19: 250 ml PET | B19: Zero Thums up | C19: 10 | F19: =E19*H19 -> 0 | G19: =D19+E19 -> 0 | H19: 204 | I19: =H19*D19 -> 0 | J19: 230 | K19: =J19*D19 -> 0 | L19: =G19-'13'!D19 -> 0 | M19: =L19*J19 -> 0
A20: 250 ml PET | B20: Zero Sprite | C20: 10 | F20: =E20*H20 -> 0 | G20: =D20+E20 -> 0 | H20: 204 | I20: =H20*D20 -> 0 | J20: 230 | K20: =J20*D20 -> 0 | L20: =G20-'13'!D20 -> 0 | M20: =L20*J20 -> 0
A21: 250 ml PET | B21: Zero Coke | C21: 10 | D21: 25 | F21: =E21*H21 -> 0 | G21: =D21+E21 -> 25 | H21: 204 | I21: =H21*D21 -> 5100 | J21: 230 | K21: =J21*D21 -> 5750 | L21: =G21-'13'!D21 -> 0 | M21: =L21*J21 -> 0
A22: 250 ml PET | B22: Mazza | C22: 19 | F22: =E22*H22 -> 0 | G22: =D22+E22 -> 0 | H22: 474.46 | I22: =H22*D22 -> 0 | J22: 505 | K22: =J22*D22 -> 0 | L22: =G22-'13'!D22 -> 0 | M22: =L22*J22 -> 0
A23: 250 ml PET | B23: MM Pulpy orange | C23: 24 | D23: 119 | F23: =E23*H23 -> 0 | G23: =D23+E23 -> 119 | H23: 593.92 | I23: =H23*D23 -> 70676.48 | J23: 630 | K23: =J23*D23 -> 74970 | L23: =G23-'13'!D23 -> 10 | M23: =L23*J23 -> 6300
A24: 300 ml RGB | B24: Thums up | C24: 25 | D24: 75 | F24: =E24*H24 -> 0 | G24: =D24+E24 -> 75 | H24: 453.3 | I24: =H24*D24 -> 33997.5 | J24: 493 | K24: =J24*D24 -> 36975 | L24: =G24-'13'!D24 -> 0 | M24: =L24*J24 -> 0
A25: 300 ml RGB | B25: Sprite | C25: 25 | D25: 20 | F25: =E25*H25 -> 0 | G25: =D25+E25 -> 20 | H25: 453.3 | I25: =H25*D25 -> 9066 | J25: 493 | K25: =J25*D25 -> 9860 | L25: =G25-'13'!D25 -> 0 | M25: =L25*J25 -> 0
A26: 300 ml RGB | B26: Fanta | C26: 25 | F26: =E26*H26 -> 0 | G26: =D26+E26 -> 0 | H26: 453.3 | I26: =H26*D26 -> 0 | J26: 493 | K26: =J26*D26 -> 0 | L26: =G26-'13'!D26 -> 0 | M26: =L26*J26 -> 0
A27: 300 ml RGB | B27: Coke | C27: 25 | F27: =E27*H27 -> 0 | G27: =D27+E27 -> 0 | H27: 453.3 | I27: =H27*D27 -> 0 | J27: 493 | K27: =J27*D27 -> 0 | L27: =G27-'13'!D27 -> 0 | M27: =L27*J27 -> 0
A28: 300 ml CAN | B28: Thums up | C28: 40 | F28: =E28*H28 -> 0 | G28: =D28+E28 -> 0 | H28: 821.36 | I28: =H28*D28 -> 0 | J28: 878 | K28: =J28*D28 -> 0 | L28: =G28-'13'!D28 -> 0 | M28: =L28*J28 -> 0
A29: 300 ml CAN | B29: Sprite | C29: 40 | F29: =E29*H29 -> 0 | G29: =D29+E29 -> 0 | H29: 821.36 | I29: =H29*D29 -> 0 | J29: 878 | K29: =J29*D29 -> 0 | L29: =G29-'13'!D29 -> 0 | M29: =L29*J29 -> 0
A30: 300 ml CAN | B30: Limca | C30: 40 | F30: =E30*H30 -> 0 | G30: =D30+E30 -> 0 | H30: 817.58 | I30: =H30*D30 -> 0 | J30: 878 | K30: =J30*D30 -> 0 | L30: =G30-'13'!D30 -> 0 | M30: =L30*J30 -> 0
A31: 300 ml CAN | B31: Fanta | C31: 40 | F31: =E31*H31 -> 0 | G31: =D31+E31 -> 0 | H31: 817.58 | I31: =H31*D31 -> 0 | J31: 878 | K31: =J31*D31 -> 0 | L31: =G31-'13'!D31 -> 0 | M31: =L31*J31 -> 0
A32: 300 ml CAN | B32: Coke | C32: 40 | F32: =E32*H32 -> 0 | G32: =D32+E32 -> 0 | H32: 817.58 | I32: =H32*D32 -> 0 | J32: 878 | K32: =J32*D32 -> 0 | L32: =G32-'13'!D32 -> 0 | M32: =L32*J32 -> 0
A33: 300 ml CAN | B33: D'Coke | C33: 40 | F33: =E33*H33 -> 0 | G33: =D33+E33 -> 0 | H33: 817.58 | I33: =H33*D33 -> 0 | J33: 878 | K33: =J33*D33 -> 0 | L33: =G33-'13'!D33 -> 0 | M33: =L33*J33 -> 0
A34: 300 ml CAN | B34: Predator | C34: 60 | D34: 317 | F34: =E34*H34 -> 0 | G34: =D34+E34 -> 317 | H34: 1042.65 | I34: =H34*D34 -> 330520.05 | J34: 1110 | K34: =J34*D34 -> 351870 | L34: =G34-'13'!D34 -> 10 | M34: =L34*J34 -> 11100
A35: 300 ml | B35: Kinley Water | C35: 7 | D35: 11 | F35: =E35*H35 -> 0 | G35: =D35+E35 -> 11 | H35: 126.24 | I35: =H35*D35 -> 1388.64 | J35: 140 | K35: =J35*D35 -> 1540 | L35: =G35-'13'!D35 -> 0 | M35: =L35*J35 -> 0
A36: 350 ml CAN | B36: Monster | C36: 125 | D36: 15 | F36: =E36*H36 -> 0 | G36: =D36+E36 -> 15 | H36: 2050.54 | I36: =H36*D36 -> 30758.1 | J36: 2175 | K36: =J36*D36 -> 32625 | L36: =G36-'13'!D36 -> 1 | M36: =L36*J36 -> 2175
A37: 400 ml csd | B37: Thums up | C37: 20 | D37: 2 | F37: =E37*H37 -> 0 | G37: =D37+E37 -> 2 | H37: 399.19 | I37: =H37*D37 -> 798.38 | J37: 420 | K37: =J37*D37 -> 840 | L37: =G37-'13'!D37 -> 0 | M37: =L37*J37 -> 0
A38: 400 ml csd | B38: Sprite | C38: 20 | F38: =E38*H38 -> 0 | G38: =D38+E38 -> 0 | H38: 399.19 | I38: =H38*D38 -> 0 | J38: 420 | K38: =J38*D38 -> 0 | L38: =G38-'13'!D38 -> 0 | M38: =L38*J38 -> 0
A39: 400 ml csd | B39: Coke | C39: 20 | F39: =E39*H39 -> 0 | G39: =D39+E39 -> 0 | H39: 399.19 | I39: =H39*D39 -> 0 | J39: 420 | K39: =J39*D39 -> 0 | L39: =G39-'13'!D39 -> 0 | M39: =L39*J39 -> 0
A40: 500 ml | B40: Kinley Water | C40: 9 | D40: 63 | F40: =E40*H40 -> 0 | G40: =D40+E40 -> 63 | H40: 174.19 | I40: =H40*D40 -> 10973.97 | J40: 185 | K40: =J40*D40 -> 11655 | L40: =G40-'13'!D40 -> 16 | M40: =L40*J40 -> 2960
A41: 600 ml PET | B41: Mazza | C41: 35 | D41: 18 | F41: =E41*H41 -> 0 | G41: =D41+E41 -> 18 | H41: 748.13 | I41: =H41*D41 -> 13466.34 | J41: 795 | K41: =J41*D41 -> 14310 | L41: =G41-'13'!D41 -> 3 | M41: =L41*J41 -> 2385
A42: 740 ml | B42: Thums up | C42: 40 | D42: 45 | F42: =E42*H42 -> 0 | G42: =D42+E42 -> 45 | H42: 842.86 | I42: =H42*D42 -> 37928.7 | J42: 900 | K42: =J42*D42 -> 40500 | L42: =G42-'13'!D42 -> 4 | M42: =L42*J42 -> 3600
A43: 740 ml | B43: Sprite | C43: 40 | D43: 17 | F43: =E43*H43 -> 0 | G43: =D43+E43 -> 17 | H43: 842.86 | I43: =H43*D43 -> 14328.62 | J43: 900 | K43: =J43*D43 -> 15300 | L43: =G43-'13'!D43 -> 0 | M43: =L43*J43 -> 0
A44: 740 ml | B44: Limca | C44: 40 | F44: =E44*H44 -> 0 | G44: =D44+E44 -> 0 | H44: 839.68 | I44: =H44*D44 -> 0 | J44: 900 | K44: =J44*D44 -> 0 | L44: =G44-'13'!D44 -> 0 | M44: =L44*J44 -> 0
A45: 740 ml | B45: Fanta | C45: 40 | F45: =E45*H45 -> 0 | G45: =D45+E45 -> 0 | H45: 839.68 | I45: =H45*D45 -> 0 | J45: 900 | K45: =J45*D45 -> 0 | L45: =G45-'13'!D45 -> 0 | M45: =L45*J45 -> 0
A46: 740 ml | B46: Coke | C46: 40 | F46: =E46*H46 -> 0 | G46: =D46+E46 -> 0 | H46: 839.68 | I46: =H46*D46 -> 0 | J46: 900 | K46: =J46*D46 -> 0 | L46: =G46-'13'!D46 -> 0 | M46: =L46*J46 -> 0
A47: 750 ml | B47: Kinley Soda | C47: 18 | D47: 25 | F47: =E47*H47 -> 0 | G47: =D47+E47 -> 25 | H47: 375.68 | I47: =H47*D47 -> 9392 | J47: 400 | K47: =J47*D47 -> 10000 | L47: =G47-'13'!D47 -> 6 | M47: =L47*J47 -> 2400
A48: 850 ml | B48: MM Pulpy orange | C48: 50 | D48: 14 | F48: =E48*H48 -> 0 | G48: =D48+E48 -> 14 | H48: 670.32 | I48: =H48*D48 -> 9384.48 | J48: 710 | K48: =J48*D48 -> 9940 | L48: =G48-'13'!D48 -> 6 | M48: =L48*J48 -> 4260
A49: 1 ltr PET | B49: Thums up | C49: 50 | D49: 142 | F49: =E49*H49 -> 0 | G49: =D49+E49 -> 142 | H49: 661.22 | I49: =H49*D49 -> 93893.24 | J49: 710 | K49: =J49*D49 -> 100820 | L49: =G49-'13'!D49 -> 17 | M49: =L49*J49 -> 12070
A50: 1 ltr PET | B50: Sprite | C50: 50 | D50: 11 | F50: =E50*H50 -> 0 | G50: =D50+E50 -> 11 | H50: 661.22 | I50: =H50*D50 -> 7273.42 | J50: 710 | K50: =J50*D50 -> 7810 | L50: =G50-'13'!D50 -> 8 | M50: =L50*J50 -> 5680
A51: 1 ltr PET | B51: Limca | C51: 50 | F51: =E51*H51 -> 0 | G51: =D51+E51 -> 0 | H51: 661.22 | I51: =H51*D51 -> 0 | J51: 710 | K51: =J51*D51 -> 0 | L51: =G51-'13'!D51 -> 0 | M51: =L51*J51 -> 0
A52: 1 ltr PET | B52: Fanta | C52: 50 | F52: =E52*H52 -> 0 | G52: =D52+E52 -> 0 | H52: 661.22 | I52: =H52*D52 -> 0 | J52: 710 | K52: =J52*D52 -> 0 | L52: =G52-'13'!D52 -> 0 | M52: =L52*J52 -> 0
A53: 1 ltr PET | B53: Coke | C53: 50 | F53: =E53*H53 -> 0 | G53: =D53+E53 -> 0 | H53: 661.22 | I53: =H53*D53 -> 0 | J53: 710 | K53: =J53*D53 -> 0 | L53: =G53-'13'!D53 -> 0 | M53: =L53*J53 -> 0
A54: 1 ltr PET | B54: MM Pulpy orange | C54: 85 | D54: 3 | F54: =E54*H54 -> 0 | G54: =D54+E54 -> 3 | H54: 797.07 | I54: =H54*D54 -> 2391.21 | J54: 845 | K54: =J54*D54 -> 2535 | L54: =G54-'13'!D54 -> 0 | M54: =L54*J54 -> 0
A55: 1 ltr | B55: Kinley Water | C55: 18 | D55: 1061 | F55: =E55*H55 -> 0 | G55: =D55+E55 -> 1061 | H55: 160.77 | I55: =H55*D55 -> 170576.97 | J55: 175 | K55: =J55*D55 -> 185675 | L55: =G55-'13'!D55 -> 49 | M55: =L55*J55 -> 8575
A56: 1.2 ltr | B56: Mazza | C56: 70 | D56: 18 | F56: =E56*H56 -> 0 | G56: =D56+E56 -> 18 | H56: 744.99 | I56: =H56*D56 -> 13409.82 | J56: 790 | K56: =J56*D56 -> 14220 | L56: =G56-'13'!D56 -> 0 | M56: =L56*J56 -> 0
A57: 1.25 Ltr PET | B57: Kinley Soda | C57: 30 | F57: =E57*H57 -> 0 | G57: =D57+E57 -> 0 | H57: 316.15 | I57: =H57*D57 -> 0 | J57: 336 | K57: =J57*D57 -> 0 | L57: =G57-'13'!D57 -> 0 | M57: =L57*J57 -> 0
A58: 1.75 ltr | B58: Mazza | C58: 95 | D58: 1 | F58: =E58*H58 -> 0 | G58: =D58+E58 -> 1 | H58: 1042.9 | I58: =H58*D58 -> 1042.9 | J58: 1105 | K58: =J58*D58 -> 1105 | L58: =G58-'13'!D58 -> 0 | M58: =L58*J58 -> 0
A59: 2 ltr | B59: Kinley Water | C59: 28 | D59: 15 | F59: =E59*H59 -> 0 | G59: =D59+E59 -> 15 | H59: 165.06 | I59: =H59*D59 -> 2475.9 | J59: 180 | K59: =J59*D59 -> 2700 | L59: =G59-'13'!D59 -> 7 | M59: =L59*J59 -> 1260
A60: 1.5 ltr PET | B60: Thums up | C60: 70 | F60: =E60*H60 -> 0 | G60: =D60+E60 -> 0 | H60: 721.25 | I60: =H60*D60 -> 0 | J60: 771 | K60: =J60*D60 -> 0 | L60: =G60-'13'!D60 -> 0 | M60: =L60*J60 -> 0
A61: 1.5 ltr PET | B61: Sprite | C61: 70 | F61: =E61*H61 -> 0 | G61: =D61+E61 -> 0 | H61: 721.25 | I61: =H61*D61 -> 0 | J61: 771 | K61: =J61*D61 -> 0 | L61: =G61-'13'!D61 -> 0 | M61: =L61*J61 -> 0
A62: 2.25 Ltr PET | B62: Thums up | C62: 100 | D62: 115 | F62: =E62*H62 -> 0 | G62: =D62+E62 -> 115 | H62: 790.89 | I62: =H62*D62 -> 90952.35 | J62: 845 | K62: =J62*D62 -> 97175 | L62: =G62-'13'!D62 -> 77 | M62: =L62*J62 -> 65065
A63: 2.25 Ltr PET | B63: Sprite | C63: 100 | D63: 2 | F63: =E63*H63 -> 0 | G63: =D63+E63 -> 2 | H63: 790.89 | I63: =H63*D63 -> 1581.78 | J63: 845 | K63: =J63*D63 -> 1690 | L63: =G63-'13'!D63 -> 2 | M63: =L63*J63 -> 1690
A64: 2.25 Ltr PET | B64: Limca | C64: 100 | F64: =E64*H64 -> 0 | G64: =D64+E64 -> 0 | H64: 790.89 | I64: =H64*D64 -> 0 | J64: 845 | K64: =J64*D64 -> 0 | L64: =G64-'13'!D64 -> 0 | M64: =L64*J64 -> 0
A65: 2.25 Ltr PET | B65: Fanta | C65: 100 | F65: =E65*H65 -> 0 | G65: =D65+E65 -> 0 | H65: 790.89 | I65: =H65*D65 -> 0 | J65: 845 | K65: =J65*D65 -> 0 | L65: =G65-'13'!D65 -> 0 | M65: =L65*J65 -> 0
A66: 2.25 Ltr PET | B66: Coke | C66: 100 | F66: =E66*H66 -> 0 | G66: =D66+E66 -> 0 | H66: 790.89 | I66: =H66*D66 -> 0 | J66: 845 | K66: =J66*D66 -> 0 | L66: =G66-'13'!D66 -> 0 | M66: =L66*J66 -> 0
A67: Total Cases & Amount | D67: =SUM(D2:D66) -> 4004 | E67: =SUM(E2:E66) -> 0 | F67: =SUM(F2:F66) -> 0 | G67: =SUM(G2:G66) -> 4004 | I67: =SUM(I2:I66) -> 1544962.7 | J67: =SUM(J2:J66) -> 39088 | K67: =SUM(K2:K66) -> 1653554 | L67: =SUM(L2:L66) -> 399 | M67: =SUM(M2:M66) -> 204230

Sheet 13
A1: Pack | B1: Flavour | C1: MRP | D1: Stock PC | E1: Recived pc | F1: Recived invoice | G1: Total PC | H1: Invoce cost | I1: Amount | J1: sale price | K1: Amount | L1: SALE Pc | M1: SALE Amount
A2: 150 ml Tetra | B2: Mazza | C2: 9 | D2: 386 | F2: =E2*H2 -> 0 | G2: =D2+E2 -> 386 | H2: 308.13 | I2: =H2*D2 -> 118938.18 | J2: 326 | K2: =J2*D2 -> 125836 | L2: =G2-'14'!D2 -> 22 | M2: =L2*J2 -> 7172
A3: 150 ml Tetra | B3: MM Apple | C3: 9 | D3: 92 | F3: =E3*H3 -> 0 | G3: =D3+E3 -> 92 | H3: 308.19 | I3: =H3*D3 -> 28353.48 | J3: 326 | K3: =J3*D3 -> 29992 | L3: =G3-'14'!D3 -> 4 | M3: =L3*J3 -> 1304
A4: 150 ml Tetra | B4: MM LMN Fresh | C4: 9 | F4: =E4*H4 -> 0 | G4: =D4+E4 -> 0 | H4: 308.19 | I4: =H4*D4 -> 0 | J4: 326 | K4: =J4*D4 -> 0 | L4: =G4-'14'!D4 -> 0 | M4: =L4*J4 -> 0
A5: 200 ml RGB | B5: Thums up | C5: 10 | D5: 227 | F5: =E5*H5 -> 0 | G5: =D5+E5 -> 227 | H5: 174.77 | I5: =H5*D5 -> 39672.79 | J5: 192 | K5: =J5*D5 -> 43584 | L5: =G5-'14'!D5 -> 14 | M5: =L5*J5 -> 2688
A6: 200 ml RGB | B6: Sprite | C6: 10 | D6: 201 | F6: =E6*H6 -> 0 | G6: =D6+E6 -> 201 | H6: 174.77 | I6: =H6*D6 -> 35128.77 | J6: 192 | K6: =J6*D6 -> 38592 | L6: =G6-'14'!D6 -> 4 | M6: =L6*J6 -> 768
A7: 200 ml RGB | B7: Limca | C7: 10 | D7: 40 | F7: =E7*H7 -> 0 | G7: =D7+E7 -> 40 | H7: 174.77 | I7: =H7*D7 -> 6990.8 | J7: 192 | K7: =J7*D7 -> 7680 | L7: =G7-'14'!D7 -> 1 | M7: =L7*J7 -> 192
A8: 200 ml RGB | B8: Fanta | C8: 10 | D8: 44 | F8: =E8*H8 -> 0 | G8: =D8+E8 -> 44 | H8: 174.77 | I8: =H8*D8 -> 7689.88 | J8: 192 | K8: =J8*D8 -> 8448 | L8: =G8-'14'!D8 -> 6 | M8: =L8*J8 -> 1152
A9: 200 ml RGB | B9: Coke | C9: 10 | D9: 141 | F9: =E9*H9 -> 0 | G9: =D9+E9 -> 141 | H9: 174.77 | I9: =H9*D9 -> 24642.57 | J9: 192 | K9: =J9*D9 -> 27072 | L9: =G9-'14'!D9 -> 7 | M9: =L9*J9 -> 1344
A10: 200 ml RGB | B10: Mazza | C10: 14 | F10: =E10*H10 -> 0 | G10: =D10+E10 -> 0 | H10: 259.54 | I10: =H10*D10 -> 0 | J10: 282 | K10: =J10*D10 -> 0 | L10: =G10-'14'!D10 -> 0 | M10: =L10*J10 -> 0
A11: 250 ml PET | B11: Thums up Charge | C11: 20 | D11: 20 | F11: =E11*H11 -> 0 | G11: =D11+E11 -> 20 | H11: 470.8 | I11: =H11*D11 -> 9416 | J11: 505 | K11: =J11*D11 -> 10100 | L11: =G11-'14'!D11 -> 1 | M11: =L11*J11 -> 505
A12: 250 ml PET | B12: Thums up | C12: 20 | D12: 280 | F12: =E12*H12 -> 0 | G12: =D12+E12 -> 280 | H12: 475.77 | I12: =H12*D12 -> 133215.6 | J12: 505 | K12: =J12*D12 -> 141400 | L12: =G12-'14'!D12 -> 98 | M12: =L12*J12 -> 49490
A13: 250 ml PET | B13: Sprite | C13: 20 | D13: 190 | F13: =E13*H13 -> 0 | G13: =D13+E13 -> 190 | H13: 475.77 | I13: =H13*D13 -> 90396.3 | J13: 505 | K13: =J13*D13 -> 95950 | L13: =G13-'14'!D13 -> 41 | M13: =L13*J13 -> 20705
A14: 250 ml PET | B14: Limca | C14: 20 | D14: 0 | E14: 5 | F14: =E14*H14 -> 2354 | G14: =D14+E14 -> 5 | H14: 470.8 | I14: =H14*D14 -> 0 | J14: 505 | K14: =J14*D14 -> 0 | L14: =G14-'14'!D14 -> 5 | M14: =L14*J14 -> 2525
A15: 250 ml PET | B15: Fanta | C15: 20 | D15: 15 | F15: =E15*H15 -> 0 | G15: =D15+E15 -> 15 | H15: 470.8 | I15: =H15*D15 -> 7062 | J15: 505 | K15: =J15*D15 -> 7575 | L15: =G15-'14'!D15 -> 7 | M15: =L15*J15 -> 3535
A16: 250 ml PET | B16: Coke | C16: 20 | F16: =E16*H16 -> 0 | G16: =D16+E16 -> 0 | H16: 470.8 | I16: =H16*D16 -> 0 | J16: 505 | K16: =J16*D16 -> 0 | L16: =G16-'14'!D16 -> 0 | M16: =L16*J16 -> 0
A17: 250 ml PET | B17: Kinley Soda | C17: 11 | D17: 51 | F17: =E17*H17 -> 0 | G17: =D17+E17 -> 51 | H17: 235.59 | I17: =H17*D17 -> 12015.09 | J17: 250 | K17: =J17*D17 -> 12750 | L17: =G17-'14'!D17 -> 8 | M17: =L17*J17 -> 2000
A18: 250 ml PET | B18: RimZim Fiz | C18: 20 | F18: =E18*H18 -> 0 | G18: =D18+E18 -> 0 | H18: 470.8 | I18: =H18*D18 -> 0 | J18: 500 | K18: =J18*D18 -> 0 | L18: =G18-'14'!D18 -> 0 | M18: =L18*J18 -> 0
A19: 250 ml PET | B19: Zero Thums up | C19: 10 | F19: =E19*H19 -> 0 | G19: =D19+E19 -> 0 | H19: 204 | I19: =H19*D19 -> 0 | J19: 230 | K19: =J19*D19 -> 0 | L19: =G19-'14'!D19 -> 0 | M19: =L19*J19 -> 0
A20: 250 ml PET | B20: Zero Sprite | C20: 10 | F20: =E20*H20 -> 0 | G20: =D20+E20 -> 0 | H20: 204 | I20: =H20*D20 -> 0 | J20: 230 | K20: =J20*D20 -> 0 | L20: =G20-'14'!D20 -> 0 | M20: =L20*J20 -> 0
A21: 250 ml PET | B21: Zero Coke | C21: 10 | D21: 25 | F21: =E21*H21 -> 0 | G21: =D21+E21 -> 25 | H21: 204 | I21: =H21*D21 -> 5100 | J21: 230 | K21: =J21*D21 -> 5750 | L21: =G21-'14'!D21 -> 9 | M21: =L21*J21 -> 2070
A22: 250 ml PET | B22: Mazza | C22: 19 | F22: =E22*H22 -> 0 | G22: =D22+E22 -> 0 | H22: 474.46 | I22: =H22*D22 -> 0 | J22: 505 | K22: =J22*D22 -> 0 | L22: =G22-'14'!D22 -> 0 | M22: =L22*J22 -> 0
A23: 250 ml PET | B23: MM Pulpy orange | C23: 24 | D23: 109 | F23: =E23*H23 -> 0 | G23: =D23+E23 -> 109 | H23: 593.92 | I23: =H23*D23 -> 64737.28 | J23: 630 | K23: =J23*D23 -> 68670 | L23: =G23-'14'!D23 -> 24 | M23: =L23*J23 -> 15120
A24: 300 ml RGB | B24: Thums up | C24: 25 | D24: 75 | F24: =E24*H24 -> 0 | G24: =D24+E24 -> 75 | H24: 453.3 | I24: =H24*D24 -> 33997.5 | J24: 493 | K24: =J24*D24 -> 36975 | L24: =G24-'14'!D24 -> 75 | M24: =L24*J24 -> 36975
A25: 300 ml RGB | B25: Sprite | C25: 25 | D25: 20 | F25: =E25*H25 -> 0 | G25: =D25+E25 -> 20 | H25: 453.3 | I25: =H25*D25 -> 9066 | J25: 493 | K25: =J25*D25 -> 9860 | L25: =G25-'14'!D25 -> 20 | M25: =L25*J25 -> 9860
A26: 300 ml RGB | B26: Fanta | C26: 25 | F26: =E26*H26 -> 0 | G26: =D26+E26 -> 0 | H26: 453.3 | I26: =H26*D26 -> 0 | J26: 493 | K26: =J26*D26 -> 0 | L26: =G26-'14'!D26 -> 0 | M26: =L26*J26 -> 0
A27: 300 ml RGB | B27: Coke | C27: 25 | F27: =E27*H27 -> 0 | G27: =D27+E27 -> 0 | H27: 453.3 | I27: =H27*D27 -> 0 | J27: 493 | K27: =J27*D27 -> 0 | L27: =G27-'14'!D27 -> 0 | M27: =L27*J27 -> 0
A28: 300 ml CAN | B28: Thums up | C28: 40 | F28: =E28*H28 -> 0 | G28: =D28+E28 -> 0 | H28: 821.36 | I28: =H28*D28 -> 0 | J28: 878 | K28: =J28*D28 -> 0 | L28: =G28-'14'!D28 -> 0 | M28: =L28*J28 -> 0
A29: 300 ml CAN | B29: Sprite | C29: 40 | F29: =E29*H29 -> 0 | G29: =D29+E29 -> 0 | H29: 821.36 | I29: =H29*D29 -> 0 | J29: 878 | K29: =J29*D29 -> 0 | L29: =G29-'14'!D29 -> 0 | M29: =L29*J29 -> 0
A30: 300 ml CAN | B30: Limca | C30: 40 | F30: =E30*H30 -> 0 | G30: =D30+E30 -> 0 | H30: 817.58 | I30: =H30*D30 -> 0 | J30: 878 | K30: =J30*D30 -> 0 | L30: =G30-'14'!D30 -> 0 | M30: =L30*J30 -> 0
A31: 300 ml CAN | B31: Fanta | C31: 40 | F31: =E31*H31 -> 0 | G31: =D31+E31 -> 0 | H31: 817.58 | I31: =H31*D31 -> 0 | J31: 878 | K31: =J31*D31 -> 0 | L31: =G31-'14'!D31 -> 0 | M31: =L31*J31 -> 0
A32: 300 ml CAN | B32: Coke | C32: 40 | F32: =E32*H32 -> 0 | G32: =D32+E32 -> 0 | H32: 817.58 | I32: =H32*D32 -> 0 | J32: 878 | K32: =J32*D32 -> 0 | L32: =G32-'14'!D32 -> 0 | M32: =L32*J32 -> 0
A33: 300 ml CAN | B33: D'Coke | C33: 40 | F33: =E33*H33 -> 0 | G33: =D33+E33 -> 0 | H33: 817.58 | I33: =H33*D33 -> 0 | J33: 878 | K33: =J33*D33 -> 0 | L33: =G33-'14'!D33 -> 0 | M33: =L33*J33 -> 0
A34: 300 ml CAN | B34: Predator | C34: 60 | D34: 307 | F34: =E34*H34 -> 0 | G34: =D34+E34 -> 307 | H34: 1042.65 | I34: =H34*D34 -> 320093.55 | J34: 1110 | K34: =J34*D34 -> 340770 | L34: =G34-'14'!D34 -> 11 | M34: =L34*J34 -> 12210
A35: 300 ml | B35: Kinley Water | C35: 7 | D35: 11 | F35: =E35*H35 -> 0 | G35: =D35+E35 -> 11 | H35: 126.24 | I35: =H35*D35 -> 1388.64 | J35: 140 | K35: =J35*D35 -> 1540 | L35: =G35-'14'!D35 -> 11 | M35: =L35*J35 -> 1540
A36: 350 ml CAN | B36: Monster | C36: 125 | D36: 14 | F36: =E36*H36 -> 0 | G36: =D36+E36 -> 14 | H36: 2050.54 | I36: =H36*D36 -> 28707.56 | J36: 2175 | K36: =J36*D36 -> 30450 | L36: =G36-'14'!D36 -> 4 | M36: =L36*J36 -> 8700
A37: 400 ml csd | B37: Thums up | C37: 20 | D37: 2 | F37: =E37*H37 -> 0 | G37: =D37+E37 -> 2 | H37: 399.19 | I37: =H37*D37 -> 798.38 | J37: 420 | K37: =J37*D37 -> 840 | L37: =G37-'14'!D37 -> 0 | M37: =L37*J37 -> 0
A38: 400 ml csd | B38: Sprite | C38: 20 | F38: =E38*H38 -> 0 | G38: =D38+E38 -> 0 | H38: 399.19 | I38: =H38*D38 -> 0 | J38: 420 | K38: =J38*D38 -> 0 | L38: =G38-'14'!D38 -> 0 | M38: =L38*J38 -> 0
A39: 400 ml csd | B39: Coke | C39: 20 | F39: =E39*H39 -> 0 | G39: =D39+E39 -> 0 | H39: 399.19 | I39: =H39*D39 -> 0 | J39: 420 | K39: =J39*D39 -> 0 | L39: =G39-'14'!D39 -> 0 | M39: =L39*J39 -> 0
A40: 500 ml | B40: Kinley Water | C40: 9 | D40: 47 | F40: =E40*H40 -> 0 | G40: =D40+E40 -> 47 | H40: 174.19 | I40: =H40*D40 -> 8186.93 | J40: 185 | K40: =J40*D40 -> 8695 | L40: =G40-'14'!D40 -> 5 | M40: =L40*J40 -> 925
A41: 600 ml PET | B41: Mazza | C41: 35 | D41: 15 | F41: =E41*H41 -> 0 | G41: =D41+E41 -> 15 | H41: 748.13 | I41: =H41*D41 -> 11221.95 | J41: 795 | K41: =J41*D41 -> 11925 | L41: =G41-'14'!D41 -> 4 | M41: =L41*J41 -> 3180
A42: 740 ml | B42: Thums up | C42: 40 | D42: 41 | F42: =E42*H42 -> 0 | G42: =D42+E42 -> 41 | H42: 842.86 | I42: =H42*D42 -> 34557.26 | J42: 900 | K42: =J42*D42 -> 36900 | L42: =G42-'14'!D42 -> 6 | M42: =L42*J42 -> 5400
A43: 740 ml | B43: Sprite | C43: 40 | D43: 17 | F43: =E43*H43 -> 0 | G43: =D43+E43 -> 17 | H43: 842.86 | I43: =H43*D43 -> 14328.62 | J43: 900 | K43: =J43*D43 -> 15300 | L43: =G43-'14'!D43 -> 3 | M43: =L43*J43 -> 2700
A44: 740 ml | B44: Limca | C44: 40 | F44: =E44*H44 -> 0 | G44: =D44+E44 -> 0 | H44: 839.68 | I44: =H44*D44 -> 0 | J44: 900 | K44: =J44*D44 -> 0 | L44: =G44-'14'!D44 -> 0 | M44: =L44*J44 -> 0
A45: 740 ml | B45: Fanta | C45: 40 | F45: =E45*H45 -> 0 | G45: =D45+E45 -> 0 | H45: 839.68 | I45: =H45*D45 -> 0 | J45: 900 | K45: =J45*D45 -> 0 | L45: =G45-'14'!D45 -> 0 | M45: =L45*J45 -> 0
A46: 740 ml | B46: Coke | C46: 40 | F46: =E46*H46 -> 0 | G46: =D46+E46 -> 0 | H46: 839.68 | I46: =H46*D46 -> 0 | J46: 900 | K46: =J46*D46 -> 0 | L46: =G46-'14'!D46 -> 0 | M46: =L46*J46 -> 0
A47: 750 ml | B47: Kinley Soda | C47: 18 | D47: 19 | F47: =E47*H47 -> 0 | G47: =D47+E47 -> 19 | H47: 375.68 | I47: =H47*D47 -> 7137.92 | J47: 400 | K47: =J47*D47 -> 7600 | L47: =G47-'14'!D47 -> 4 | M47: =L47*J47 -> 1600
A48: 850 ml | B48: MM Pulpy orange | C48: 50 | D48: 8 | F48: =E48*H48 -> 0 | G48: =D48+E48 -> 8 | H48: 670.32 | I48: =H48*D48 -> 5362.56 | J48: 710 | K48: =J48*D48 -> 5680 | L48: =G48-'14'!D48 -> 7 | M48: =L48*J48 -> 4970
A49: 1 ltr PET | B49: Thums up | C49: 50 | D49: 125 | F49: =E49*H49 -> 0 | G49: =D49+E49 -> 125 | H49: 661.22 | I49: =H49*D49 -> 82652.5 | J49: 710 | K49: =J49*D49 -> 88750 | L49: =G49-'14'!D49 -> 21 | M49: =L49*J49 -> 14910
A50: 1 ltr PET | B50: Sprite | C50: 50 | D50: 3 | F50: =E50*H50 -> 0 | G50: =D50+E50 -> 3 | H50: 661.22 | I50: =H50*D50 -> 1983.66 | J50: 710 | K50: =J50*D50 -> 2130 | L50: =G50-'14'!D50 -> 3 | M50: =L50*J50 -> 2130
A51: 1 ltr PET | B51: Limca | C51: 50 | F51: =E51*H51 -> 0 | G51: =D51+E51 -> 0 | H51: 661.22 | I51: =H51*D51 -> 0 | J51: 710 | K51: =J51*D51 -> 0 | L51: =G51-'14'!D51 -> 0 | M51: =L51*J51 -> 0
A52: 1 ltr PET | B52: Fanta | C52: 50 | F52: =E52*H52 -> 0 | G52: =D52+E52 -> 0 | H52: 661.22 | I52: =H52*D52 -> 0 | J52: 710 | K52: =J52*D52 -> 0 | L52: =G52-'14'!D52 -> 0 | M52: =L52*J52 -> 0
A53: 1 ltr PET | B53: Coke | C53: 50 | F53: =E53*H53 -> 0 | G53: =D53+E53 -> 0 | H53: 661.22 | I53: =H53*D53 -> 0 | J53: 710 | K53: =J53*D53 -> 0 | L53: =G53-'14'!D53 -> 0 | M53: =L53*J53 -> 0
A54: 1 ltr PET | B54: MM Pulpy orange | C54: 85 | D54: 3 | F54: =E54*H54 -> 0 | G54: =D54+E54 -> 3 | H54: 797.07 | I54: =H54*D54 -> 2391.21 | J54: 845 | K54: =J54*D54 -> 2535 | L54: =G54-'14'!D54 -> 0 | M54: =L54*J54 -> 0
A55: 1 ltr | B55: Kinley Water | C55: 18 | D55: 1012 | F55: =E55*H55 -> 0 | G55: =D55+E55 -> 1012 | H55: 160.77 | I55: =H55*D55 -> 162699.24 | J55: 175 | K55: =J55*D55 -> 177100 | L55: =G55-'14'!D55 -> 71 | M55: =L55*J55 -> 12425
A56: 1.2 ltr | B56: Mazza | C56: 70 | D56: 18 | F56: =E56*H56 -> 0 | G56: =D56+E56 -> 18 | H56: 744.99 | I56: =H56*D56 -> 13409.82 | J56: 790 | K56: =J56*D56 -> 14220 | L56: =G56-'14'!D56 -> 0 | M56: =L56*J56 -> 0
A57: 1.25 Ltr PET | B57: Kinley Soda | C57: 30 | F57: =E57*H57 -> 0 | G57: =D57+E57 -> 0 | H57: 316.15 | I57: =H57*D57 -> 0 | J57: 336 | K57: =J57*D57 -> 0 | L57: =G57-'14'!D57 -> 0 | M57: =L57*J57 -> 0
A58: 1.75 ltr | B58: Mazza | C58: 95 | D58: 1 | F58: =E58*H58 -> 0 | G58: =D58+E58 -> 1 | H58: 1042.9 | I58: =H58*D58 -> 1042.9 | J58: 1105 | K58: =J58*D58 -> 1105 | L58: =G58-'14'!D58 -> 1 | M58: =L58*J58 -> 1105
A59: 2 ltr | B59: Kinley Water | C59: 28 | D59: 8 | F59: =E59*H59 -> 0 | G59: =D59+E59 -> 8 | H59: 165.06 | I59: =H59*D59 -> 1320.48 | J59: 180 | K59: =J59*D59 -> 1440 | L59: =G59-'14'!D59 -> 6 | M59: =L59*J59 -> 1080
A60: 1.5 ltr PET | B60: Thums up | C60: 70 | F60: =E60*H60 -> 0 | G60: =D60+E60 -> 0 | H60: 721.25 | I60: =H60*D60 -> 0 | J60: 771 | K60: =J60*D60 -> 0 | L60: =G60-'14'!D60 -> 0 | M60: =L60*J60 -> 0
A61: 1.5 ltr PET | B61: Sprite | C61: 70 | F61: =E61*H61 -> 0 | G61: =D61+E61 -> 0 | H61: 721.25 | I61: =H61*D61 -> 0 | J61: 771 | K61: =J61*D61 -> 0 | L61: =G61-'14'!D61 -> 0 | M61: =L61*J61 -> 0
A62: 2.25 Ltr PET | B62: Thums up | C62: 100 | D62: 38 | E62: 73 | F62: =E62*H62 -> 57734.97 | G62: =D62+E62 -> 111 | H62: 790.89 | I62: =H62*D62 -> 30053.82 | J62: 845 | K62: =J62*D62 -> 32110 | L62: =G62-'14'!D62 -> 92 | M62: =L62*J62 -> 77740
A63: 2.25 Ltr PET | B63: Sprite | C63: 100 | D63: 0 | E63: 67 | F63: =E63*H63 -> 52989.63 | G63: =D63+E63 -> 67 | H63: 790.89 | I63: =H63*D63 -> 0 | J63: 845 | K63: =J63*D63 -> 0 | L63: =G63-'14'!D63 -> 52 | M63: =L63*J63 -> 43940
A64: 2.25 Ltr PET | B64: Limca | C64: 100 | F64: =E64*H64 -> 0 | G64: =D64+E64 -> 0 | H64: 790.89 | I64: =H64*D64 -> 0 | J64: 845 | K64: =J64*D64 -> 0 | L64: =G64-'14'!D64 -> 0 | M64: =L64*J64 -> 0
A65: 2.25 Ltr PET | B65: Fanta | C65: 100 | F65: =E65*H65 -> 0 | G65: =D65+E65 -> 0 | H65: 790.89 | I65: =H65*D65 -> 0 | J65: 845 | K65: =J65*D65 -> 0 | L65: =G65-'14'!D65 -> 0 | M65: =L65*J65 -> 0
A66: 2.25 Ltr PET | B66: Coke | C66: 100 | F66: =E66*H66 -> 0 | G66: =D66+E66 -> 0 | H66: 790.89 | I66: =H66*D66 -> 0 | J66: 845 | K66: =J66*D66 -> 0 | L66: =G66-'14'!D66 -> 0 | M66: =L66*J66 -> 0
A67: Total Cases & Amount | D67: =SUM(D2:D66) -> 3605 | E67: =SUM(E2:E66) -> 145 | F67: =SUM(F2:F66) -> 113078.6 | G67: =SUM(G2:G66) -> 3750 | I67: =SUM(I2:I66) -> 1353759.2 | J67: =SUM(J2:J66) -> 39088 | K67: =SUM(K2:K66) -> 1449324 | L67: =SUM(L2:L66) -> 647 | M67: =SUM(M2:M66) -> 351960

Sheet 14
A1: Pack | B1: Flavour | C1: MRP | D1: Stock PC | E1: Recived pc | F1: Recived invoice | G1: Total PC | H1: Invoce cost | I1: Amount | J1: sale price | K1: Amount | L1: SALE Pc | M1: SALE Amount
A2: 150 ml Tetra | B2: Mazza | C2: 9 | D2: 364 | F2: =E2*H2 -> 0 | G2: =D2+E2 -> 364 | H2: 308.13 | I2: =H2*D2 -> 112159.32 | J2: 326 | K2: =J2*D2 -> 118664 | L2: =G2-'15'!D2 -> 21 | M2: =L2*J2 -> 6846
A3: 150 ml Tetra | B3: MM Apple | C3: 9 | D3: 88 | F3: =E3*H3 -> 0 | G3: =D3+E3 -> 88 | H3: 308.19 | I3: =H3*D3 -> 27120.72 | J3: 326 | K3: =J3*D3 -> 28688 | L3: =G3-'15'!D3 -> 3 | M3: =L3*J3 -> 978
A4: 150 ml Tetra | B4: MM LMN Fresh | C4: 9 | F4: =E4*H4 -> 0 | G4: =D4+E4 -> 0 | H4: 308.19 | I4: =H4*D4 -> 0 | J4: 326 | K4: =J4*D4 -> 0 | L4: =G4-'15'!D4 -> 0 | M4: =L4*J4 -> 0
A5: 200 ml RGB | B5: Thums up | C5: 10 | D5: 213 | F5: =E5*H5 -> 0 | G5: =D5+E5 -> 213 | H5: 174.77 | I5: =H5*D5 -> 37226.01 | J5: 192 | K5: =J5*D5 -> 40896 | L5: =G5-'15'!D5 -> 29 | M5: =L5*J5 -> 5568
A6: 200 ml RGB | B6: Sprite | C6: 10 | D6: 197 | F6: =E6*H6 -> 0 | G6: =D6+E6 -> 197 | H6: 174.77 | I6: =H6*D6 -> 34429.69 | J6: 192 | K6: =J6*D6 -> 37824 | L6: =G6-'15'!D6 -> 13 | M6: =L6*J6 -> 2496
A7: 200 ml RGB | B7: Limca | C7: 10 | D7: 39 | F7: =E7*H7 -> 0 | G7: =D7+E7 -> 39 | H7: 174.77 | I7: =H7*D7 -> 6816.03 | J7: 192 | K7: =J7*D7 -> 7488 | L7: =G7-'15'!D7 -> 3 | M7: =L7*J7 -> 576
A8: 200 ml RGB | B8: Fanta | C8: 10 | D8: 38 | F8: =E8*H8 -> 0 | G8: =D8+E8 -> 38 | H8: 174.77 | I8: =H8*D8 -> 6641.26 | J8: 192 | K8: =J8*D8 -> 7296 | L8: =G8-'15'!D8 -> 12 | M8: =L8*J8 -> 2304
A9: 200 ml RGB | B9: Coke | C9: 10 | D9: 134 | F9: =E9*H9 -> 0 | G9: =D9+E9 -> 134 | H9: 174.77 | I9: =H9*D9 -> 23419.18 | J9: 192 | K9: =J9*D9 -> 25728 | L9: =G9-'15'!D9 -> 8 | M9: =L9*J9 -> 1536
A10: 200 ml RGB | B10: Mazza | C10: 14 | F10: =E10*H10 -> 0 | G10: =D10+E10 -> 0 | H10: 259.54 | I10: =H10*D10 -> 0 | J10: 282 | K10: =J10*D10 -> 0 | L10: =G10-'15'!D10 -> 0 | M10: =L10*J10 -> 0
A11: 250 ml PET | B11: Thums up Charge | C11: 20 | D11: 19 | F11: =E11*H11 -> 0 | G11: =D11+E11 -> 19 | H11: 470.8 | I11: =H11*D11 -> 8945.2 | J11: 505 | K11: =J11*D11 -> 9595 | L11: =G11-'15'!D11 -> 0 | M11: =L11*J11 -> 0
A12: 250 ml PET | B12: Thums up | C12: 20 | D12: 182 | E12: 241 | F12: =E12*H12 -> 114660.57 | G12: =D12+E12 -> 423 | H12: 475.77 | I12: =H12*D12 -> 86590.14 | J12: 505 | K12: =J12*D12 -> 91910 | L12: =G12-'15'!D12 -> 100 | M12: =L12*J12 -> 50500
A13: 250 ml PET | B13: Sprite | C13: 20 | D13: 149 | E13: 130 | F13: =E13*H13 -> 61850.1 | G13: =D13+E13 -> 279 | H13: 475.77 | I13: =H13*D13 -> 70889.73 | J13: 505 | K13: =J13*D13 -> 75245 | L13: =G13-'15'!D13 -> 66 | M13: =L13*J13 -> 33330
A14: 250 ml PET | B14: Limca | C14: 20 | D14: 0 | E14: 65 | F14: =E14*H14 -> 30602 | G14: =D14+E14 -> 65 | H14: 470.8 | I14: =H14*D14 -> 0 | J14: 505 | K14: =J14*D14 -> 0 | L14: =G14-'15'!D14 -> 16 | M14: =L14*J14 -> 8080
A15: 250 ml PET | B15: Fanta | C15: 20 | D15: 8 | E15: 39 | F15: =E15*H15 -> 18361.2 | G15: =D15+E15 -> 47 | H15: 470.8 | I15: =H15*D15 -> 3766.4 | J15: 505 | K15: =J15*D15 -> 4040 | L15: =G15-'15'!D15 -> 6 | M15: =L15*J15 -> 3030
A16: 250 ml PET | B16: Coke | C16: 20 | F16: =E16*H16 -> 0 | G16: =D16+E16 -> 0 | H16: 470.8 | I16: =H16*D16 -> 0 | J16: 505 | K16: =J16*D16 -> 0 | L16: =G16-'15'!D16 -> 0 | M16: =L16*J16 -> 0
A17: 250 ml PET | B17: Kinley Soda | C17: 11 | D17: 43 | F17: =E17*H17 -> 0 | G17: =D17+E17 -> 43 | H17: 235.59 | I17: =H17*D17 -> 10130.37 | J17: 250 | K17: =J17*D17 -> 10750 | L17: =G17-'15'!D17 -> 7 | M17: =L17*J17 -> 1750
A18: 250 ml PET | B18: RimZim Fiz | C18: 20 | F18: =E18*H18 -> 0 | G18: =D18+E18 -> 0 | H18: 470.8 | I18: =H18*D18 -> 0 | J18: 500 | K18: =J18*D18 -> 0 | L18: =G18-'15'!D18 -> 0 | M18: =L18*J18 -> 0
A19: 250 ml PET | B19: Zero Thums up | C19: 10 | F19: =E19*H19 -> 0 | G19: =D19+E19 -> 0 | H19: 204 | I19: =H19*D19 -> 0 | J19: 230 | K19: =J19*D19 -> 0 | L19: =G19-'15'!D19 -> 0 | M19: =L19*J19 -> 0
A20: 250 ml PET | B20: Zero Sprite | C20: 10 | F20: =E20*H20 -> 0 | G20: =D20+E20 -> 0 | H20: 204 | I20: =H20*D20 -> 0 | J20: 230 | K20: =J20*D20 -> 0 | L20: =G20-'15'!D20 -> 0 | M20: =L20*J20 -> 0
A21: 250 ml PET | B21: Zero Coke | C21: 10 | D21: 16 | F21: =E21*H21 -> 0 | G21: =D21+E21 -> 16 | H21: 204 | I21: =H21*D21 -> 3264 | J21: 230 | K21: =J21*D21 -> 3680 | L21: =G21-'15'!D21 -> 1 | M21: =L21*J21 -> 230
A22: 250 ml PET | B22: Mazza | C22: 19 | E22: 36 | F22: =E22*H22 -> 17080.56 | G22: =D22+E22 -> 36 | H22: 474.46 | I22: =H22*D22 -> 0 | J22: 505 | K22: =J22*D22 -> 0 | L22: =G22-'15'!D22 -> 21 | M22: =L22*J22 -> 10605
A23: 250 ml PET | B23: MM Pulpy orange | C23: 24 | D23: 85 | F23: =E23*H23 -> 0 | G23: =D23+E23 -> 85 | H23: 593.92 | I23: =H23*D23 -> 50483.2 | J23: 630 | K23: =J23*D23 -> 53550 | L23: =G23-'15'!D23 -> 23 | M23: =L23*J23 -> 14490
A24: 300 ml RGB | B24: Thums up | C24: 25 | D24: 0 | E24: 54 | F24: =E24*H24 -> 24478.2 | G24: =D24+E24 -> 54 | H24: 453.3 | I24: =H24*D24 -> 0 | J24: 493 | K24: =J24*D24 -> 0 | L24: =G24-'15'!D24 -> 0 | M24: =L24*J24 -> 0
A25: 300 ml RGB | B25: Sprite | C25: 25 | F25: =E25*H25 -> 0 | G25: =D25+E25 -> 0 | H25: 453.3 | I25: =H25*D25 -> 0 | J25: 493 | K25: =J25*D25 -> 0 | L25: =G25-'15'!D25 -> 0 | M25: =L25*J25 -> 0
A26: 300 ml RGB | B26: Fanta | C26: 25 | F26: =E26*H26 -> 0 | G26: =D26+E26 -> 0 | H26: 453.3 | I26: =H26*D26 -> 0 | J26: 493 | K26: =J26*D26 -> 0 | L26: =G26-'15'!D26 -> 0 | M26: =L26*J26 -> 0
A27: 300 ml RGB | B27: Coke | C27: 25 | F27: =E27*H27 -> 0 | G27: =D27+E27 -> 0 | H27: 453.3 | I27: =H27*D27 -> 0 | J27: 493 | K27: =J27*D27 -> 0 | L27: =G27-'15'!D27 -> 0 | M27: =L27*J27 -> 0
A28: 300 ml CAN | B28: Thums up | C28: 40 | F28: =E28*H28 -> 0 | G28: =D28+E28 -> 0 | H28: 821.36 | I28: =H28*D28 -> 0 | J28: 878 | K28: =J28*D28 -> 0 | L28: =G28-'15'!D28 -> 0 | M28: =L28*J28 -> 0
A29: 300 ml CAN | B29: Sprite | C29: 40 | F29: =E29*H29 -> 0 | G29: =D29+E29 -> 0 | H29: 821.36 | I29: =H29*D29 -> 0 | J29: 878 | K29: =J29*D29 -> 0 | L29: =G29-'15'!D29 -> 0 | M29: =L29*J29 -> 0
A30: 300 ml CAN | B30: Limca | C30: 40 | F30: =E30*H30 -> 0 | G30: =D30+E30 -> 0 | H30: 817.58 | I30: =H30*D30 -> 0 | J30: 878 | K30: =J30*D30 -> 0 | L30: =G30-'15'!D30 -> 0 | M30: =L30*J30 -> 0
A31: 300 ml CAN | B31: Fanta | C31: 40 | F31: =E31*H31 -> 0 | G31: =D31+E31 -> 0 | H31: 817.58 | I31: =H31*D31 -> 0 | J31: 878 | K31: =J31*D31 -> 0 | L31: =G31-'15'!D31 -> 0 | M31: =L31*J31 -> 0
A32: 300 ml CAN | B32: Coke | C32: 40 | F32: =E32*H32 -> 0 | G32: =D32+E32 -> 0 | H32: 817.58 | I32: =H32*D32 -> 0 | J32: 878 | K32: =J32*D32 -> 0 | L32: =G32-'15'!D32 -> 0 | M32: =L32*J32 -> 0
A33: 300 ml CAN | B33: D'Coke | C33: 40 | F33: =E33*H33 -> 0 | G33: =D33+E33 -> 0 | H33: 817.58 | I33: =H33*D33 -> 0 | J33: 878 | K33: =J33*D33 -> 0 | L33: =G33-'15'!D33 -> 0 | M33: =L33*J33 -> 0
A34: 300 ml CAN | B34: Predator | C34: 60 | D34: 296 | F34: =E34*H34 -> 0 | G34: =D34+E34 -> 296 | H34: 1042.65 | I34: =H34*D34 -> 308624.4 | J34: 1110 | K34: =J34*D34 -> 328560 | L34: =G34-'15'!D34 -> 28 | M34: =L34*J34 -> 31080
A35: 300 ml | B35: Kinley Water | C35: 7 | D35: 0 | F35: =E35*H35 -> 0 | G35: =D35+E35 -> 0 | H35: 126.24 | I35: =H35*D35 -> 0 | J35: 140 | K35: =J35*D35 -> 0 | L35: =G35-'15'!D35 -> 0 | M35: =L35*J35 -> 0
A36: 350 ml CAN | B36: Monster | C36: 125 | D36: 10 | E36: 39 | F36: =E36*H36 -> 79971.06 | G36: =D36+E36 -> 49 | H36: 2050.54 | I36: =H36*D36 -> 20505.4 | J36: 2175 | K36: =J36*D36 -> 21750 | L36: =G36-'15'!D36 -> 4 | M36: =L36*J36 -> 8700
A37: 400 ml csd | B37: Thums up | C37: 20 | D37: 2 | F37: =E37*H37 -> 0 | G37: =D37+E37 -> 2 | H37: 399.19 | I37: =H37*D37 -> 798.38 | J37: 420 | K37: =J37*D37 -> 840 | L37: =G37-'15'!D37 -> 0 | M37: =L37*J37 -> 0
A38: 400 ml csd | B38: Sprite | C38: 20 | F38: =E38*H38 -> 0 | G38: =D38+E38 -> 0 | H38: 399.19 | I38: =H38*D38 -> 0 | J38: 420 | K38: =J38*D38 -> 0 | L38: =G38-'15'!D38 -> 0 | M38: =L38*J38 -> 0
A39: 400 ml csd | B39: Coke | C39: 20 | F39: =E39*H39 -> 0 | G39: =D39+E39 -> 0 | H39: 399.19 | I39: =H39*D39 -> 0 | J39: 420 | K39: =J39*D39 -> 0 | L39: =G39-'15'!D39 -> 0 | M39: =L39*J39 -> 0
A40: 500 ml | B40: Kinley Water | C40: 9 | D40: 42 | F40: =E40*H40 -> 0 | G40: =D40+E40 -> 42 | H40: 174.19 | I40: =H40*D40 -> 7315.98 | J40: 185 | K40: =J40*D40 -> 7770 | L40: =G40-'15'!D40 -> 16 | M40: =L40*J40 -> 2960
A41: 600 ml PET | B41: Mazza | C41: 35 | D41: 11 | F41: =E41*H41 -> 0 | G41: =D41+E41 -> 11 | H41: 748.13 | I41: =H41*D41 -> 8229.43 | J41: 795 | K41: =J41*D41 -> 8745 | L41: =G41-'15'!D41 -> 2 | M41: =L41*J41 -> 1590
A42: 740 ml | B42: Thums up | C42: 40 | D42: 35 | E42: 27 | F42: =E42*H42 -> 22757.22 | G42: =D42+E42 -> 62 | H42: 842.86 | I42: =H42*D42 -> 29500.1 | J42: 900 | K42: =J42*D42 -> 31500 | L42: =G42-'15'!D42 -> 6 | M42: =L42*J42 -> 5400
A43: 740 ml | B43: Sprite | C43: 40 | D43: 14 | E43: 27 | F43: =E43*H43 -> 22757.22 | G43: =D43+E43 -> 41 | H43: 842.86 | I43: =H43*D43 -> 11800.04 | J43: 900 | K43: =J43*D43 -> 12600 | L43: =G43-'15'!D43 -> 2 | M43: =L43*J43 -> 1800
A44: 740 ml | B44: Limca | C44: 40 | F44: =E44*H44 -> 0 | G44: =D44+E44 -> 0 | H44: 839.68 | I44: =H44*D44 -> 0 | J44: 900 | K44: =J44*D44 -> 0 | L44: =G44-'15'!D44 -> 0 | M44: =L44*J44 -> 0
A45: 740 ml | B45: Fanta | C45: 40 | F45: =E45*H45 -> 0 | G45: =D45+E45 -> 0 | H45: 839.68 | I45: =H45*D45 -> 0 | J45: 900 | K45: =J45*D45 -> 0 | L45: =G45-'15'!D45 -> 0 | M45: =L45*J45 -> 0
A46: 740 ml | B46: Coke | C46: 40 | F46: =E46*H46 -> 0 | G46: =D46+E46 -> 0 | H46: 839.68 | I46: =H46*D46 -> 0 | J46: 900 | K46: =J46*D46 -> 0 | L46: =G46-'15'!D46 -> 0 | M46: =L46*J46 -> 0
A47: 750 ml | B47: Kinley Soda | C47: 18 | D47: 15 | F47: =E47*H47 -> 0 | G47: =D47+E47 -> 15 | H47: 375.68 | I47: =H47*D47 -> 5635.2 | J47: 400 | K47: =J47*D47 -> 6000 | L47: =G47-'15'!D47 -> 5 | M47: =L47*J47 -> 2000
A48: 850 ml | B48: MM Pulpy orange | C48: 50 | D48: 1 | F48: =E48*H48 -> 0 | G48: =D48+E48 -> 1 | H48: 670.32 | I48: =H48*D48 -> 670.32 | J48: 710 | K48: =J48*D48 -> 710 | L48: =G48-'15'!D48 -> 0 | M48: =L48*J48 -> 0
A49: 1 ltr PET | B49: Thums up | C49: 50 | D49: 104 | F49: =E49*H49 -> 0 | G49: =D49+E49 -> 104 | H49: 661.22 | I49: =H49*D49 -> 68766.88 | J49: 710 | K49: =J49*D49 -> 73840 | L49: =G49-'15'!D49 -> 26 | M49: =L49*J49 -> 18460
A50: 1 ltr PET | B50: Sprite | C50: 50 | E50: 55 | F50: =E50*H50 -> 36367.1 | G50: =D50+E50 -> 55 | H50: 661.22 | I50: =H50*D50 -> 0 | J50: 710 | K50: =J50*D50 -> 0 | L50: =G50-'15'!D50 -> 11 | M50: =L50*J50 -> 7810
A51: 1 ltr PET | B51: Limca | C51: 50 | F51: =E51*H51 -> 0 | G51: =D51+E51 -> 0 | H51: 661.22 | I51: =H51*D51 -> 0 | J51: 710 | K51: =J51*D51 -> 0 | L51: =G51-'15'!D51 -> 0 | M51: =L51*J51 -> 0
A52: 1 ltr PET | B52: Fanta | C52: 50 | F52: =E52*H52 -> 0 | G52: =D52+E52 -> 0 | H52: 661.22 | I52: =H52*D52 -> 0 | J52: 710 | K52: =J52*D52 -> 0 | L52: =G52-'15'!D52 -> 0 | M52: =L52*J52 -> 0
A53: 1 ltr PET | B53: Coke | C53: 50 | F53: =E53*H53 -> 0 | G53: =D53+E53 -> 0 | H53: 661.22 | I53: =H53*D53 -> 0 | J53: 710 | K53: =J53*D53 -> 0 | L53: =G53-'15'!D53 -> 0 | M53: =L53*J53 -> 0
A54: 1 ltr PET | B54: MM Pulpy orange | C54: 85 | D54: 3 | F54: =E54*H54 -> 0 | G54: =D54+E54 -> 3 | H54: 797.07 | I54: =H54*D54 -> 2391.21 | J54: 845 | K54: =J54*D54 -> 2535 | L54: =G54-'15'!D54 -> 0 | M54: =L54*J54 -> 0
A55: 1 ltr | B55: Kinley Water | C55: 18 | D55: 941 | F55: =E55*H55 -> 0 | G55: =D55+E55 -> 941 | H55: 160.77 | I55: =H55*D55 -> 151284.57 | J55: 175 | K55: =J55*D55 -> 164675 | L55: =G55-'15'!D55 -> 41 | M55: =L55*J55 -> 7175
A56: 1.2 ltr | B56: Mazza | C56: 70 | D56: 18 | F56: =E56*H56 -> 0 | G56: =D56+E56 -> 18 | H56: 744.99 | I56: =H56*D56 -> 13409.82 | J56: 790 | K56: =J56*D56 -> 14220 | L56: =G56-'15'!D56 -> 2 | M56: =L56*J56 -> 1580
A57: 1.25 Ltr PET | B57: Kinley Soda | C57: 30 | F57: =E57*H57 -> 0 | G57: =D57+E57 -> 0 | H57: 316.15 | I57: =H57*D57 -> 0 | J57: 336 | K57: =J57*D57 -> 0 | L57: =G57-'15'!D57 -> 0 | M57: =L57*J57 -> 0
A58: 1.75 ltr | B58: Mazza | C58: 95 | E58: 20 | F58: =E58*H58 -> 20858 | G58: =D58+E58 -> 20 | H58: 1042.9 | I58: =H58*D58 -> 0 | J58: 1105 | K58: =J58*D58 -> 0 | L58: =G58-'15'!D58 -> 3 | M58: =L58*J58 -> 3315
A59: 2 ltr | B59: Kinley Water | C59: 28 | D59: 2 | F59: =E59*H59 -> 0 | G59: =D59+E59 -> 2 | H59: 165.06 | I59: =H59*D59 -> 330.12 | J59: 180 | K59: =J59*D59 -> 360 | L59: =G59-'15'!D59 -> 2 | M59: =L59*J59 -> 360
A60: 1.5 ltr PET | B60: Thums up | C60: 70 | F60: =E60*H60 -> 0 | G60: =D60+E60 -> 0 | H60: 721.25 | I60: =H60*D60 -> 0 | J60: 771 | K60: =J60*D60 -> 0 | L60: =G60-'15'!D60 -> 0 | M60: =L60*J60 -> 0
A61: 1.5 ltr PET | B61: Sprite | C61: 70 | F61: =E61*H61 -> 0 | G61: =D61+E61 -> 0 | H61: 721.25 | I61: =H61*D61 -> 0 | J61: 771 | K61: =J61*D61 -> 0 | L61: =G61-'15'!D61 -> 0 | M61: =L61*J61 -> 0
A62: 2.25 Ltr PET | B62: Thums up | C62: 100 | D62: 19 | E62: 140 | F62: =E62*H62 -> 110724.6 | G62: =D62+E62 -> 159 | H62: 790.89 | I62: =H62*D62 -> 15026.91 | J62: 845 | K62: =J62*D62 -> 16055 | L62: =G62-'15'!D62 -> 75 | M62: =L62*J62 -> 63375
A63: 2.25 Ltr PET | B63: Sprite | C63: 100 | D63: 15 | E63: 84 | F63: =E63*H63 -> 66434.76 | G63: =D63+E63 -> 99 | H63: 790.89 | I63: =H63*D63 -> 11863.35 | J63: 845 | K63: =J63*D63 -> 12675 | L63: =G63-'15'!D63 -> 44 | M63: =L63*J63 -> 37180
A64: 2.25 Ltr PET | B64: Limca | C64: 100 | F64: =E64*H64 -> 0 | G64: =D64+E64 -> 0 | H64: 790.89 | I64: =H64*D64 -> 0 | J64: 845 | K64: =J64*D64 -> 0 | L64: =G64-'15'!D64 -> 0 | M64: =L64*J64 -> 0
A65: 2.25 Ltr PET | B65: Fanta | C65: 100 | F65: =E65*H65 -> 0 | G65: =D65+E65 -> 0 | H65: 790.89 | I65: =H65*D65 -> 0 | J65: 845 | K65: =J65*D65 -> 0 | L65: =G65-'15'!D65 -> 0 | M65: =L65*J65 -> 0
A66: 2.25 Ltr PET | B66: Coke | C66: 100 | F66: =E66*H66 -> 0 | G66: =D66+E66 -> 0 | H66: 790.89 | I66: =H66*D66 -> 0 | J66: 845 | K66: =J66*D66 -> 0 | L66: =G66-'15'!D66 -> 0 | M66: =L66*J66 -> 0
A67: Total Cases & Amount | D67: =SUM(D2:D66) -> 3103 | E67: =SUM(E2:E66) -> 957 | F67: =SUM(F2:F66) -> 626902.59 | G67: =SUM(G2:G66) -> 4060 | I67: =SUM(I2:I66) -> 1138033.4 | J67: =SUM(J2:J66) -> 39088 | K67: =SUM(K2:K66) -> 1218189 | L67: =SUM(L2:L66) -> 596 | M67: =SUM(M2:M66) -> 335104

Sheet 15
A1: Pack | B1: Flavour | C1: MRP | D1: Stock PC | E1: Recived pc | F1: Recived invoice | G1: Total PC | H1: Invoce cost | I1: Amount | J1: sale price | K1: Amount | L1: SALE Pc | M1: SALE Amount
A2: 150 ml Tetra | B2: Mazza | C2: 9 | D2: 343 | F2: =E2*H2 -> 0 | G2: =D2+E2 -> 343 | H2: 308.13 | I2: =H2*D2 -> 105688.59 | J2: 326 | K2: =J2*D2 -> 111818 | L2: =G2-'16'!D2 -> 17 | M2: =L2*J2 -> 5542
A3: 150 ml Tetra | B3: MM Apple | C3: 9 | D3: 85 | F3: =E3*H3 -> 0 | G3: =D3+E3 -> 85 | H3: 308.19 | I3: =H3*D3 -> 26196.15 | J3: 326 | K3: =J3*D3 -> 27710 | L3: =G3-'16'!D3 -> 3 | M3: =L3*J3 -> 978
A4: 150 ml Tetra | B4: MM LMN Fresh | C4: 9 | F4: =E4*H4 -> 0 | G4: =D4+E4 -> 0 | H4: 308.19 | I4: =H4*D4 -> 0 | J4: 326 | K4: =J4*D4 -> 0 | L4: =G4-'16'!D4 -> 0 | M4: =L4*J4 -> 0
A5: 200 ml RGB | B5: Thums up | C5: 10 | D5: 184 | F5: =E5*H5 -> 0 | G5: =D5+E5 -> 184 | H5: 174.77 | I5: =H5*D5 -> 32157.68 | J5: 192 | K5: =J5*D5 -> 35328 | L5: =G5-'16'!D5 -> 2 | M5: =L5*J5 -> 384
A6: 200 ml RGB | B6: Sprite | C6: 10 | D6: 184 | F6: =E6*H6 -> 0 | G6: =D6+E6 -> 184 | H6: 174.77 | I6: =H6*D6 -> 32157.68 | J6: 192 | K6: =J6*D6 -> 35328 | L6: =G6-'16'!D6 -> 1 | M6: =L6*J6 -> 192
A7: 200 ml RGB | B7: Limca | C7: 10 | D7: 36 | F7: =E7*H7 -> 0 | G7: =D7+E7 -> 36 | H7: 174.77 | I7: =H7*D7 -> 6291.72 | J7: 192 | K7: =J7*D7 -> 6912 | L7: =G7-'16'!D7 -> 0 | M7: =L7*J7 -> 0
A8: 200 ml RGB | B8: Fanta | C8: 10 | D8: 26 | F8: =E8*H8 -> 0 | G8: =D8+E8 -> 26 | H8: 174.77 | I8: =H8*D8 -> 4544.02 | J8: 192 | K8: =J8*D8 -> 4992 | L8: =G8-'16'!D8 -> 1 | M8: =L8*J8 -> 192
A9: 200 ml RGB | B9: Coke | C9: 10 | D9: 126 | F9: =E9*H9 -> 0 | G9: =D9+E9 -> 126 | H9: 174.77 | I9: =H9*D9 -> 22021.02 | J9: 192 | K9: =J9*D9 -> 24192 | L9: =G9-'16'!D9 -> 0 | M9: =L9*J9 -> 0
A10: 200 ml RGB | B10: Mazza | C10: 14 | F10: =E10*H10 -> 0 | G10: =D10+E10 -> 0 | H10: 259.54 | I10: =H10*D10 -> 0 | J10: 282 | K10: =J10*D10 -> 0 | L10: =G10-'16'!D10 -> 0 | M10: =L10*J10 -> 0
A11: 250 ml PET | B11: Thums up Charge | C11: 20 | D11: 19 | F11: =E11*H11 -> 0 | G11: =D11+E11 -> 19 | H11: 470.8 | I11: =H11*D11 -> 8945.2 | J11: 505 | K11: =J11*D11 -> 9595 | L11: =G11-'16'!D11 -> 1 | M11: =L11*J11 -> 505
A12: 250 ml PET | B12: Thums up | C12: 20 | D12: 323 | F12: =E12*H12 -> 0 | G12: =D12+E12 -> 323 | H12: 475.77 | I12: =H12*D12 -> 153673.71 | J12: 505 | K12: =J12*D12 -> 163115 | L12: =G12-'16'!D12 -> 88 | M12: =L12*J12 -> 44440
A13: 250 ml PET | B13: Sprite | C13: 20 | D13: 213 | F13: =E13*H13 -> 0 | G13: =D13+E13 -> 213 | H13: 475.77 | I13: =H13*D13 -> 101339.01 | J13: 505 | K13: =J13*D13 -> 107565 | L13: =G13-'16'!D13 -> 65 | M13: =L13*J13 -> 32825
A14: 250 ml PET | B14: Limca | C14: 20 | D14: 49 | F14: =E14*H14 -> 0 | G14: =D14+E14 -> 49 | H14: 470.8 | I14: =H14*D14 -> 23069.2 | J14: 505 | K14: =J14*D14 -> 24745 | L14: =G14-'16'!D14 -> 10 | M14: =L14*J14 -> 5050
A15: 250 ml PET | B15: Fanta | C15: 20 | D15: 41 | F15: =E15*H15 -> 0 | G15: =D15+E15 -> 41 | H15: 470.8 | I15: =H15*D15 -> 19302.8 | J15: 505 | K15: =J15*D15 -> 20705 | L15: =G15-'16'!D15 -> 7 | M15: =L15*J15 -> 3535
A16: 250 ml PET | B16: Coke | C16: 20 | F16: =E16*H16 -> 0 | G16: =D16+E16 -> 0 | H16: 470.8 | I16: =H16*D16 -> 0 | J16: 505 | K16: =J16*D16 -> 0 | L16: =G16-'16'!D16 -> 0 | M16: =L16*J16 -> 0
A17: 250 ml PET | B17: Kinley Soda | C17: 11 | D17: 36 | F17: =E17*H17 -> 0 | G17: =D17+E17 -> 36 | H17: 235.59 | I17: =H17*D17 -> 8481.24 | J17: 250 | K17: =J17*D17 -> 9000 | L17: =G17-'16'!D17 -> 6 | M17: =L17*J17 -> 1500
A18: 250 ml PET | B18: RimZim Fiz | C18: 20 | F18: =E18*H18 -> 0 | G18: =D18+E18 -> 0 | H18: 470.8 | I18: =H18*D18 -> 0 | J18: 500 | K18: =J18*D18 -> 0 | L18: =G18-'16'!D18 -> 0 | M18: =L18*J18 -> 0
A19: 250 ml PET | B19: Zero Thums up | C19: 10 | F19: =E19*H19 -> 0 | G19: =D19+E19 -> 0 | H19: 204 | I19: =H19*D19 -> 0 | J19: 230 | K19: =J19*D19 -> 0 | L19: =G19-'16'!D19 -> 0 | M19: =L19*J19 -> 0
A20: 250 ml PET | B20: Zero Sprite | C20: 10 | F20: =E20*H20 -> 0 | G20: =D20+E20 -> 0 | H20: 204 | I20: =H20*D20 -> 0 | J20: 230 | K20: =J20*D20 -> 0 | L20: =G20-'16'!D20 -> 0 | M20: =L20*J20 -> 0
A21: 250 ml PET | B21: Zero Coke | C21: 10 | D21: 15 | F21: =E21*H21 -> 0 | G21: =D21+E21 -> 15 | H21: 204 | I21: =H21*D21 -> 3060 | J21: 230 | K21: =J21*D21 -> 3450 | L21: =G21-'16'!D21 -> 1 | M21: =L21*J21 -> 230
A22: 250 ml PET | B22: Mazza | C22: 19 | D22: 15 | F22: =E22*H22 -> 0 | G22: =D22+E22 -> 15 | H22: 474.46 | I22: =H22*D22 -> 7116.9 | J22: 505 | K22: =J22*D22 -> 7575 | L22: =G22-'16'!D22 -> 15 | M22: =L22*J22 -> 7575
A23: 250 ml PET | B23: MM Pulpy orange | C23: 24 | D23: 62 | F23: =E23*H23 -> 0 | G23: =D23+E23 -> 62 | H23: 593.92 | I23: =H23*D23 -> 36823.04 | J23: 630 | K23: =J23*D23 -> 39060 | L23: =G23-'16'!D23 -> 18 | M23: =L23*J23 -> 11340
A24: 300 ml RGB | B24: Thums up | C24: 25 | D24: 54 | F24: =E24*H24 -> 0 | G24: =D24+E24 -> 54 | H24: 453.3 | I24: =H24*D24 -> 24478.2 | J24: 493 | K24: =J24*D24 -> 26622 | L24: =G24-'16'!D24 -> 0 | M24: =L24*J24 -> 0
A25: 300 ml RGB | B25: Sprite | C25: 25 | F25: =E25*H25 -> 0 | G25: =D25+E25 -> 0 | H25: 453.3 | I25: =H25*D25 -> 0 | J25: 493 | K25: =J25*D25 -> 0 | L25: =G25-'16'!D25 -> 0 | M25: =L25*J25 -> 0
A26: 300 ml RGB | B26: Fanta | C26: 25 | F26: =E26*H26 -> 0 | G26: =D26+E26 -> 0 | H26: 453.3 | I26: =H26*D26 -> 0 | J26: 493 | K26: =J26*D26 -> 0 | L26: =G26-'16'!D26 -> 0 | M26: =L26*J26 -> 0
A27: 300 ml RGB | B27: Coke | C27: 25 | F27: =E27*H27 -> 0 | G27: =D27+E27 -> 0 | H27: 453.3 | I27: =H27*D27 -> 0 | J27: 493 | K27: =J27*D27 -> 0 | L27: =G27-'16'!D28 -> 0 | M27: =L27*J27 -> 0
A28: 300 ml CAN | B28: Thums up | C28: 40 | F28: =E28*H28 -> 0 | G28: =D28+E28 -> 0 | H28: 821.36 | I28: =H28*D28 -> 0 | J28: 878 | K28: =J28*D28 -> 0 | L28: =G28-'16'!D29 -> 0 | M28: =L28*J28 -> 0
A29: 300 ml CAN | B29: Sprite | C29: 40 | F29: =E29*H29 -> 0 | G29: =D29+E29 -> 0 | H29: 821.36 | I29: =H29*D29 -> 0 | J29: 878 | K29: =J29*D29 -> 0 | L29: =G29-'16'!D30 -> 0 | M29: =L29*J29 -> 0
A30: 300 ml CAN | B30: Limca | C30: 40 | F30: =E30*H30 -> 0 | G30: =D30+E30 -> 0 | H30: 817.58 | I30: =H30*D30 -> 0 | J30: 878 | K30: =J30*D30 -> 0 | L30: =G30-'16'!D31 -> 0 | M30: =L30*J30 -> 0
A31: 300 ml CAN | B31: Fanta | C31: 40 | F31: =E31*H31 -> 0 | G31: =D31+E31 -> 0 | H31: 817.58 | I31: =H31*D31 -> 0 | J31: 878 | K31: =J31*D31 -> 0 | L31: =G31-'16'!D32 -> 0 | M31: =L31*J31 -> 0
A32: 300 ml CAN | B32: Coke | C32: 40 | F32: =E32*H32 -> 0 | G32: =D32+E32 -> 0 | H32: 817.58 | I32: =H32*D32 -> 0 | J32: 878 | K32: =J32*D32 -> 0 | L32: =G32-'16'!D33 -> 0 | M32: =L32*J32 -> 0
